bandit,instance,reward,timeout,seed,-a,Result,bestObj,solOverTime,integralPrimalGap,history
ppo,examples/tsp/tsplib/pr124.tsp,r3,900,0,ppo --device=cuda:2 --c1-start=0.34 --c1-end=0.06 --c1-n-secs=196 --c2-start=0.39 --c2-end=0.2 --c2-n-secs=431 --n-epochs=65 --lr-critic=7.315462310749335E-4 --clipping=11.799185331865313 --batch-size=15 --seed=0 --disable-training-logs --memory-size=1015 --lr=0.0018103176507973232 --logdir=logs/ppo-tsp_all-15m-r3/tsp-pr124 --communication=unix-socket -i=/tmp/pipes/unix-socket-1822155631092773,======,120002124000.0,[],900.0,[]
ppo,examples/tsp/tsplib/pr136.tsp,r3,900,0,ppo --device=cuda:1 --c1-start=0.34 --c1-end=0.06 --c1-n-secs=196 --c2-start=0.39 --c2-end=0.2 --c2-n-secs=431 --n-epochs=65 --lr-critic=7.315462310749335E-4 --clipping=11.799185331865313 --batch-size=15 --seed=0 --disable-training-logs --memory-size=1015 --lr=0.0018103176507973232 --logdir=logs/ppo-tsp_all-15m-r3/tsp-pr136 --communication=unix-socket -i=/tmp/pipes/unix-socket-1822155738374714,======,132018250000.0,[],900.0,[]
ppo,examples/tsp/tsplib/linhp318.tsp,r3,900,0,ppo --device=cuda:0 --c1-start=0.34 --c1-end=0.06 --c1-n-secs=196 --c2-start=0.39 --c2-end=0.2 --c2-n-secs=431 --n-epochs=65 --lr-critic=7.315462310749335E-4 --clipping=11.799185331865313 --batch-size=15 --seed=0 --disable-training-logs --memory-size=1015 --lr=0.0018103176507973232 --logdir=logs/ppo-tsp_all-15m-r3/tsp-linhp318 --communication=unix-socket -i=/tmp/pipes/unix-socket-1822155677429849,======,314002450368.0,[],900.0,[]
ppo,examples/tsp/tsplib/kroB150.tsp,r3,900,0,ppo --device=cuda:4 --c1-start=0.34 --c1-end=0.06 --c1-n-secs=196 --c2-start=0.39 --c2-end=0.2 --c2-n-secs=431 --n-epochs=65 --lr-critic=7.315462310749335E-4 --clipping=11.799185331865313 --batch-size=15 --seed=0 --disable-training-logs --memory-size=1015 --lr=0.0018103176507973232 --logdir=logs/ppo-tsp_all-15m-r3/tsp-kroB150 --communication=unix-socket -i=/tmp/pipes/unix-socket-1822155658028796,======,146004736067.0,[],900.0,[]
ppo,examples/tsp/tsplib/pcb442.tsp,r3,900,0,ppo --device=cuda:3 --c1-start=0.34 --c1-end=0.06 --c1-n-secs=196 --c2-start=0.39 --c2-end=0.2 --c2-n-secs=431 --n-epochs=65 --lr-critic=7.315462310749335E-4 --clipping=11.799185331865313 --batch-size=15 --seed=0 --disable-training-logs --memory-size=1015 --lr=0.0018103176507973232 --logdir=logs/ppo-tsp_all-15m-r3/tsp-pcb442 --communication=unix-socket -i=/tmp/pipes/unix-socket-1822155812434340,======,438000600000.0,[],900.0,[]
ppo,examples/tsp/tsplib/brazil58.tsp,r3,900,0,ppo --device=cuda:3 --c1-start=0.34 --c1-end=0.06 --c1-n-secs=196 --c2-start=0.39 --c2-end=0.2 --c2-n-secs=431 --n-epochs=65 --lr-critic=7.315462310749335E-4 --clipping=11.799185331865313 --batch-size=15 --seed=0 --disable-training-logs --memory-size=1015 --lr=0.0018103176507973232 --logdir=logs/ppo-tsp_all-15m-r3/tsp-brazil58 --communication=unix-socket -i=/tmp/pipes/unix-socket-1822155625858786,======,52009025000.0,[],900.0,[]
ppo,examples/tsp/tsplib/pr107.tsp,r3,900,0,ppo --device=cuda:4 --c1-start=0.34 --c1-end=0.06 --c1-n-secs=196 --c2-start=0.39 --c2-end=0.2 --c2-n-secs=431 --n-epochs=65 --lr-critic=7.315462310749335E-4 --clipping=11.799185331865313 --batch-size=15 --seed=0 --disable-training-logs --memory-size=1015 --lr=0.0018103176507973232 --logdir=logs/ppo-tsp_all-15m-r3/tsp-pr107 --communication=unix-socket -i=/tmp/pipes/unix-socket-1822155618333171,======,103001330057.0,[],900.0,[]
ppo,examples/tsp/tsplib/si175.tsp,r3,900,0,ppo --device=cuda:2 --c1-start=0.34 --c1-end=0.06 --c1-n-secs=196 --c2-start=0.39 --c2-end=0.2 --c2-n-secs=431 --n-epochs=65 --lr-critic=7.315462310749335E-4 --clipping=11.799185331865313 --batch-size=15 --seed=0 --disable-training-logs --memory-size=1015 --lr=0.0018103176507973232 --logdir=logs/ppo-tsp_all-15m-r3/tsp-si175 --communication=unix-socket -i=/tmp/pipes/unix-socket-1822156317883350,======,171000837000.0,[],900.0,[]
ppo,examples/tsp/tsplib/pr226.tsp,r3,900,0,ppo --device=cuda:6 --c1-start=0.34 --c1-end=0.06 --c1-n-secs=196 --c2-start=0.39 --c2-end=0.2 --c2-n-secs=431 --n-epochs=65 --lr-critic=7.315462310749335E-4 --clipping=11.799185331865313 --batch-size=15 --seed=0 --disable-training-logs --memory-size=1015 --lr=0.0018103176507973232 --logdir=logs/ppo-tsp_all-15m-r3/tsp-pr226 --communication=unix-socket -i=/tmp/pipes/unix-socket-1822155762845956,======,222002402290.0,[],900.0,[]
ppo,examples/tsp/tsplib/d657.tsp,r3,900,0,ppo --device=cuda:7 --c1-start=0.34 --c1-end=0.06 --c1-n-secs=196 --c2-start=0.39 --c2-end=0.2 --c2-n-secs=431 --n-epochs=65 --lr-critic=7.315462310749335E-4 --clipping=11.799185331865313 --batch-size=15 --seed=0 --disable-training-logs --memory-size=1015 --lr=0.0018103176507973232 --logdir=logs/ppo-tsp_all-15m-r3/tsp-d657 --communication=unix-socket -i=/tmp/pipes/unix-socket-1822156022245511,======,653002905305.0,[],900.0,[]
ppo,examples/tsp/tsplib/pr76.tsp,r3,900,0,ppo --device=auto-gpu --c1-start=0.34 --c1-end=0.06 --c1-n-secs=196 --c2-start=0.39 --c2-end=0.2 --c2-n-secs=431 --n-epochs=65 --lr-critic=7.315462310749335E-4 --clipping=11.799185331865313 --batch-size=15 --seed=0 --disable-training-logs --memory-size=1015 --lr=0.0018103176507973232 --logdir=logs/ppo-tsp_all-15m-r3/tsp-pr76 --communication=unix-socket -i=/tmp/pipes/unix-socket-1822162598317546,======,72008635546.0,[],900.0,[]
ppo,examples/tsp/tsplib/gr137.tsp,r3,900,0,ppo --device=auto-gpu --c1-start=0.34 --c1-end=0.06 --c1-n-secs=196 --c2-start=0.39 --c2-end=0.2 --c2-n-secs=431 --n-epochs=65 --lr-critic=7.315462310749335E-4 --clipping=11.799185331865313 --batch-size=15 --seed=0 --disable-training-logs --memory-size=1015 --lr=0.0018103176507973232 --logdir=logs/ppo-tsp_all-15m-r3/tsp-gr137 --communication=unix-socket -i=/tmp/pipes/unix-socket-1822162138406313,======,131007093461.0,[],900.0,[]
ppo,examples/tsp/tsplib/bier127.tsp,r3,900,0,ppo --device=auto-gpu --c1-start=0.34 --c1-end=0.06 --c1-n-secs=196 --c2-start=0.39 --c2-end=0.2 --c2-n-secs=431 --n-epochs=65 --lr-critic=7.315462310749335E-4 --clipping=11.799185331865313 --batch-size=15 --seed=0 --disable-training-logs --memory-size=1015 --lr=0.0018103176507973232 --logdir=logs/ppo-tsp_all-15m-r3/tsp-bier127 --communication=unix-socket -i=/tmp/pipes/unix-socket-1822162240523620,======,123005290621.0,[],900.0,[]
ppo,examples/tsp/tsplib/kroA100.tsp,r3,900,0,ppo --device=auto-gpu --c1-start=0.34 --c1-end=0.06 --c1-n-secs=196 --c2-start=0.39 --c2-end=0.2 --c2-n-secs=431 --n-epochs=65 --lr-critic=7.315462310749335E-4 --clipping=11.799185331865313 --batch-size=15 --seed=0 --disable-training-logs --memory-size=1015 --lr=0.0018103176507973232 --logdir=logs/ppo-tsp_all-15m-r3/tsp-kroA100 --communication=unix-socket -i=/tmp/pipes/unix-socket-1822162857674548,======,94008133761.0,[],900.0,[]
ppo,examples/tsp/tsplib/eil101.tsp,r3,900,0,ppo --device=auto-gpu --c1-start=0.34 --c1-end=0.06 --c1-n-secs=196 --c2-start=0.39 --c2-end=0.2 --c2-n-secs=431 --n-epochs=65 --lr-critic=7.315462310749335E-4 --clipping=11.799185331865313 --batch-size=15 --seed=0 --disable-training-logs --memory-size=1015 --lr=0.0018103176507973232 --logdir=logs/ppo-tsp_all-15m-r3/tsp-eil101 --communication=unix-socket -i=/tmp/pipes/unix-socket-1822164627568266,======,95000118387.0,[],900.0,[]
ppo,examples/tsp/tsplib/rd100.tsp,r3,900,0,ppo --device=auto-gpu --c1-start=0.34 --c1-end=0.06 --c1-n-secs=196 --c2-start=0.39 --c2-end=0.2 --c2-n-secs=431 --n-epochs=65 --lr-critic=7.315462310749335E-4 --clipping=11.799185331865313 --batch-size=15 --seed=0 --disable-training-logs --memory-size=1015 --lr=0.0018103176507973232 --logdir=logs/ppo-tsp_all-15m-r3/tsp-rd100 --communication=unix-socket -i=/tmp/pipes/unix-socket-1822165473953843,======,96002448187.0,[],900.0,[]
ppo,examples/tsp/tsplib/eil51.tsp,r3,900,0,ppo --device=auto-gpu --c1-start=0.34 --c1-end=0.06 --c1-n-secs=196 --c2-start=0.39 --c2-end=0.2 --c2-n-secs=431 --n-epochs=65 --lr-critic=7.315462310749335E-4 --clipping=11.799185331865313 --batch-size=15 --seed=0 --disable-training-logs --memory-size=1015 --lr=0.0018103176507973232 --logdir=logs/ppo-tsp_all-15m-r3/tsp-eil51 --communication=unix-socket -i=/tmp/pipes/unix-socket-1822165429197240,======,45000113713.0,[],900.0,[]
ppo,examples/tsp/tsplib/eil76.tsp,r3,900,0,ppo --device=auto-gpu --c1-start=0.34 --c1-end=0.06 --c1-n-secs=196 --c2-start=0.39 --c2-end=0.2 --c2-n-secs=431 --n-epochs=65 --lr-critic=7.315462310749335E-4 --clipping=11.799185331865313 --batch-size=15 --seed=0 --disable-training-logs --memory-size=1015 --lr=0.0018103176507973232 --logdir=logs/ppo-tsp_all-15m-r3/tsp-eil76 --communication=unix-socket -i=/tmp/pipes/unix-socket-1822165540909444,======,70000103856.0,[],900.0,[]
ppo,examples/tsp/tsplib/kroC100.tsp,r3,900,0,ppo --device=auto-gpu --c1-start=0.34 --c1-end=0.06 --c1-n-secs=196 --c2-start=0.39 --c2-end=0.2 --c2-n-secs=431 --n-epochs=65 --lr-critic=7.315462310749335E-4 --clipping=11.799185331865313 --batch-size=15 --seed=0 --disable-training-logs --memory-size=1015 --lr=0.0018103176507973232 --logdir=logs/ppo-tsp_all-15m-r3/tsp-kroC100 --communication=unix-socket -i=/tmp/pipes/unix-socket-1822165927210120,======,96004736067.0,[],900.0,[]
ppo,examples/tsp/tsplib/gr24.tsp,r3,900,0,ppo --device=auto-gpu --c1-start=0.34 --c1-end=0.06 --c1-n-secs=196 --c2-start=0.39 --c2-end=0.2 --c2-n-secs=431 --n-epochs=65 --lr-critic=7.315462310749335E-4 --clipping=11.799185331865313 --batch-size=15 --seed=0 --disable-training-logs --memory-size=1015 --lr=0.0018103176507973232 --logdir=logs/ppo-tsp_all-15m-r3/tsp-gr24 --communication=unix-socket -i=/tmp/pipes/unix-socket-1822165940064677,======,20000702000.0,[],900.0,[]
ppo,examples/tsp/tsplib/pr299.tsp,r3,900,0,ppo --device=auto-gpu --c1-start=0.34 --c1-end=0.06 --c1-n-secs=196 --c2-start=0.39 --c2-end=0.2 --c2-n-secs=431 --n-epochs=65 --lr-critic=7.315462310749335E-4 --clipping=11.799185331865313 --batch-size=15 --seed=0 --disable-training-logs --memory-size=1015 --lr=0.0018103176507973232 --logdir=logs/ppo-tsp_all-15m-r3/tsp-pr299 --communication=unix-socket -i=/tmp/pipes/unix-socket-1822166130561831,======,295000600010.0,[],900.0,[]
ppo,examples/tsp/tsplib/kroD100.tsp,r3,900,0,ppo --device=auto-gpu --c1-start=0.34 --c1-end=0.06 --c1-n-secs=196 --c2-start=0.39 --c2-end=0.2 --c2-n-secs=431 --n-epochs=65 --lr-critic=7.315462310749335E-4 --clipping=11.799185331865313 --batch-size=15 --seed=0 --disable-training-logs --memory-size=1015 --lr=0.0018103176507973232 --logdir=logs/ppo-tsp_all-15m-r3/tsp-kroD100 --communication=unix-socket -i=/tmp/pipes/unix-socket-1822166268648107,======,94006079607.0,[],900.0,[]
ppo,examples/tsp/tsplib/rat783.tsp,r3,900,0,ppo --device=auto-gpu --c1-start=0.34 --c1-end=0.06 --c1-n-secs=196 --c2-start=0.39 --c2-end=0.2 --c2-n-secs=431 --n-epochs=65 --lr-critic=7.315462310749335E-4 --clipping=11.799185331865313 --batch-size=15 --seed=0 --disable-training-logs --memory-size=1015 --lr=0.0018103176507973232 --logdir=logs/ppo-tsp_all-15m-r3/tsp-rat783 --communication=unix-socket -i=/tmp/pipes/unix-socket-1822170381924477,======,779000452000.0,[],900.0,[]
ppo,examples/tsp/tsplib/att48.tsp,r3,900,0,ppo --device=auto-gpu --c1-start=0.34 --c1-end=0.06 --c1-n-secs=196 --c2-start=0.39 --c2-end=0.2 --c2-n-secs=431 --n-epochs=65 --lr-critic=7.315462310749335E-4 --clipping=11.799185331865313 --batch-size=15 --seed=0 --disable-training-logs --memory-size=1015 --lr=0.0018103176507973232 --logdir=logs/ppo-tsp_all-15m-r3/tsp-att48 --communication=unix-socket -i=/tmp/pipes/unix-socket-1822171112720449,======,42005715000.0,[],900.0,[]
ppo,examples/tsp/tsplib/dantzig42.tsp,r3,900,0,ppo --device=auto-gpu --c1-start=0.34 --c1-end=0.06 --c1-n-secs=196 --c2-start=0.39 --c2-end=0.2 --c2-n-secs=431 --n-epochs=65 --lr-critic=7.315462310749335E-4 --clipping=11.799185331865313 --batch-size=15 --seed=0 --disable-training-logs --memory-size=1015 --lr=0.0018103176507973232 --logdir=logs/ppo-tsp_all-15m-r3/tsp-dantzig42 --communication=unix-socket -i=/tmp/pipes/unix-socket-1822171561615250,======,38000099000.0,[],900.0,[]
ppo,examples/tsp/tsplib/fri26.tsp,r3,900,0,ppo --device=auto-gpu --c1-start=0.34 --c1-end=0.06 --c1-n-secs=196 --c2-start=0.39 --c2-end=0.2 --c2-n-secs=431 --n-epochs=65 --lr-critic=7.315462310749335E-4 --clipping=11.799185331865313 --batch-size=15 --seed=0 --disable-training-logs --memory-size=1015 --lr=0.0018103176507973232 --logdir=logs/ppo-tsp_all-15m-r3/tsp-fri26 --communication=unix-socket -i=/tmp/pipes/unix-socket-1822171733712851,======,20000291000.0,[],900.0,[]
ppo,examples/tsp/tsplib/kroB100.tsp,r3,900,0,ppo --device=auto-gpu --c1-start=0.34 --c1-end=0.06 --c1-n-secs=196 --c2-start=0.39 --c2-end=0.2 --c2-n-secs=431 --n-epochs=65 --lr-critic=7.315462310749335E-4 --clipping=11.799185331865313 --batch-size=15 --seed=0 --disable-training-logs --memory-size=1015 --lr=0.0018103176507973232 --logdir=logs/ppo-tsp_all-15m-r3/tsp-kroB100 --communication=unix-socket -i=/tmp/pipes/unix-socket-1822172900448869,======,94008309855.0,[],900.0,[]
ppo,examples/tsp/tsplib/gr120.tsp,r3,900,0,ppo --device=auto-gpu --c1-start=0.34 --c1-end=0.06 --c1-n-secs=196 --c2-start=0.39 --c2-end=0.2 --c2-n-secs=431 --n-epochs=65 --lr-critic=7.315462310749335E-4 --clipping=11.799185331865313 --batch-size=15 --seed=0 --disable-training-logs --memory-size=1015 --lr=0.0018103176507973232 --logdir=logs/ppo-tsp_all-15m-r3/tsp-gr120 --communication=unix-socket -i=/tmp/pipes/unix-socket-1822173549280584,======,114001406000.0,[],900.0,[]
ppo,examples/tsp/tsplib/bays29.tsp,r3,900,0,ppo --device=auto-gpu --c1-start=0.34 --c1-end=0.06 --c1-n-secs=196 --c2-start=0.39 --c2-end=0.2 --c2-n-secs=431 --n-epochs=65 --lr-critic=7.315462310749335E-4 --clipping=11.799185331865313 --batch-size=15 --seed=0 --disable-training-logs --memory-size=1015 --lr=0.0018103176507973232 --logdir=logs/ppo-tsp_all-15m-r3/tsp-bays29 --communication=unix-socket -i=/tmp/pipes/unix-socket-1822173413496521,======,23000787000.0,[],900.0,[]
ppo,examples/tsp/tsplib/brazil58.tsp,r3,900,1,ppo --device=auto-gpu --c1-start=0.34 --c1-end=0.06 --c1-n-secs=196 --c2-start=0.39 --c2-end=0.2 --c2-n-secs=431 --n-epochs=65 --lr-critic=7.315462310749335E-4 --clipping=11.799185331865313 --batch-size=15 --seed=1 --disable-training-logs --memory-size=1015 --lr=0.0018103176507973232 --logdir=logs/ppo-tsp_all-15m-r3/tsp-brazil58 --communication=unix-socket -i=/tmp/pipes/unix-socket-1822175365276778,======,57000000000.0,[],900.0,[]
ppo,examples/tsp/tsplib/pr107.tsp,r3,900,1,ppo --device=auto-gpu --c1-start=0.34 --c1-end=0.06 --c1-n-secs=196 --c2-start=0.39 --c2-end=0.2 --c2-n-secs=431 --n-epochs=65 --lr-critic=7.315462310749335E-4 --clipping=11.799185331865313 --batch-size=15 --seed=1 --disable-training-logs --memory-size=1015 --lr=0.0018103176507973232 --logdir=logs/ppo-tsp_all-15m-r3/tsp-pr107 --communication=unix-socket -i=/tmp/pipes/unix-socket-1822175649475598,======,106000000000.0,[],900.0,[]
ppo,examples/tsp/tsplib/pr124.tsp,r3,900,1,ppo --device=auto-gpu --c1-start=0.34 --c1-end=0.06 --c1-n-secs=196 --c2-start=0.39 --c2-end=0.2 --c2-n-secs=431 --n-epochs=65 --lr-critic=7.315462310749335E-4 --clipping=11.799185331865313 --batch-size=15 --seed=1 --disable-training-logs --memory-size=1015 --lr=0.0018103176507973232 --logdir=logs/ppo-tsp_all-15m-r3/tsp-pr124 --communication=unix-socket -i=/tmp/pipes/unix-socket-1822175281433473,======,121001500000.0,[],900.0,[]
ppo,examples/tsp/tsplib/d657.tsp,r3,900,1,ppo --device=auto-gpu --c1-start=0.34 --c1-end=0.06 --c1-n-secs=196 --c2-start=0.39 --c2-end=0.2 --c2-n-secs=431 --n-epochs=65 --lr-critic=7.315462310749335E-4 --clipping=11.799185331865313 --batch-size=15 --seed=1 --disable-training-logs --memory-size=1015 --lr=0.0018103176507973232 --logdir=logs/ppo-tsp_all-15m-r3/tsp-d657 --communication=unix-socket -i=/tmp/pipes/unix-socket-1822179078657170,======,656000000000.0,[],900.0,[]
ppo,examples/tsp/tsplib/pr136.tsp,r3,900,1,ppo --device=auto-gpu --c1-start=0.34 --c1-end=0.06 --c1-n-secs=196 --c2-start=0.39 --c2-end=0.2 --c2-n-secs=431 --n-epochs=65 --lr-critic=7.315462310749335E-4 --clipping=11.799185331865313 --batch-size=15 --seed=1 --disable-training-logs --memory-size=1015 --lr=0.0018103176507973232 --logdir=logs/ppo-tsp_all-15m-r3/tsp-pr136 --communication=unix-socket -i=/tmp/pipes/unix-socket-1822179812434368,======,135000000000.0,[],900.0,[]
ppo,examples/tsp/tsplib/si175.tsp,r3,900,1,ppo --device=auto-gpu --c1-start=0.34 --c1-end=0.06 --c1-n-secs=196 --c2-start=0.39 --c2-end=0.2 --c2-n-secs=431 --n-epochs=65 --lr-critic=7.315462310749335E-4 --clipping=11.799185331865313 --batch-size=15 --seed=1 --disable-training-logs --memory-size=1015 --lr=0.0018103176507973232 --logdir=logs/ppo-tsp_all-15m-r3/tsp-si175 --communication=unix-socket -i=/tmp/pipes/unix-socket-1822180614166898,======,174000000000.0,[],900.0,[]
ppo,examples/tsp/tsplib/kroB150.tsp,r3,900,1,ppo --device=auto-gpu --c1-start=0.34 --c1-end=0.06 --c1-n-secs=196 --c2-start=0.39 --c2-end=0.2 --c2-n-secs=431 --n-epochs=65 --lr-critic=7.315462310749335E-4 --clipping=11.799185331865313 --batch-size=15 --seed=1 --disable-training-logs --memory-size=1015 --lr=0.0018103176507973232 --logdir=logs/ppo-tsp_all-15m-r3/tsp-kroB150 --communication=unix-socket -i=/tmp/pipes/unix-socket-1822181825716846,======,149000000000.0,[],900.0,[]
ppo,examples/tsp/tsplib/pr226.tsp,r3,900,1,ppo --device=auto-gpu --c1-start=0.34 --c1-end=0.06 --c1-n-secs=196 --c2-start=0.39 --c2-end=0.2 --c2-n-secs=431 --n-epochs=65 --lr-critic=7.315462310749335E-4 --clipping=11.799185331865313 --batch-size=15 --seed=1 --disable-training-logs --memory-size=1015 --lr=0.0018103176507973232 --logdir=logs/ppo-tsp_all-15m-r3/tsp-pr226 --communication=unix-socket -i=/tmp/pipes/unix-socket-1822182719800348,======,225000000000.0,[],900.0,[]
ppo,examples/tsp/tsplib/gr137.tsp,r3,900,1,ppo --device=auto-gpu --c1-start=0.34 --c1-end=0.06 --c1-n-secs=196 --c2-start=0.39 --c2-end=0.2 --c2-n-secs=431 --n-epochs=65 --lr-critic=7.315462310749335E-4 --clipping=11.799185331865313 --batch-size=15 --seed=1 --disable-training-logs --memory-size=1015 --lr=0.0018103176507973232 --logdir=logs/ppo-tsp_all-15m-r3/tsp-gr137 --communication=unix-socket -i=/tmp/pipes/unix-socket-1822183073918960,======,136000000000.0,[],900.0,[]
ppo,examples/tsp/tsplib/bier127.tsp,r3,900,1,ppo --device=auto-gpu --c1-start=0.34 --c1-end=0.06 --c1-n-secs=196 --c2-start=0.39 --c2-end=0.2 --c2-n-secs=431 --n-epochs=65 --lr-critic=7.315462310749335E-4 --clipping=11.799185331865313 --batch-size=15 --seed=1 --disable-training-logs --memory-size=1015 --lr=0.0018103176507973232 --logdir=logs/ppo-tsp_all-15m-r3/tsp-bier127 --communication=unix-socket -i=/tmp/pipes/unix-socket-1822183218721451,======,125001312390.0,[],900.0,[]
ppo,examples/tsp/tsplib/pr76.tsp,r3,900,1,ppo --device=auto-gpu --c1-start=0.34 --c1-end=0.06 --c1-n-secs=196 --c2-start=0.39 --c2-end=0.2 --c2-n-secs=431 --n-epochs=65 --lr-critic=7.315462310749335E-4 --clipping=11.799185331865313 --batch-size=15 --seed=1 --disable-training-logs --memory-size=1015 --lr=0.0018103176507973232 --logdir=logs/ppo-tsp_all-15m-r3/tsp-pr76 --communication=unix-socket -i=/tmp/pipes/unix-socket-1822183829944288,======,75000000000.0,[],900.0,[]
ppo,examples/tsp/tsplib/pr264.tsp,r3,900,1,ppo --device=auto-gpu --c1-start=0.34 --c1-end=0.06 --c1-n-secs=196 --c2-start=0.39 --c2-end=0.2 --c2-n-secs=431 --n-epochs=65 --lr-critic=7.315462310749335E-4 --clipping=11.799185331865313 --batch-size=15 --seed=1 --disable-training-logs --memory-size=1015 --lr=0.0018103176507973232 --logdir=logs/ppo-tsp_all-15m-r3/tsp-pr264 --communication=unix-socket -i=/tmp/pipes/unix-socket-1822184232951675,======,263000000000.0,[],900.0,[]
ppo,examples/tsp/tsplib/kroA100.tsp,r3,900,1,ppo --device=auto-gpu --c1-start=0.34 --c1-end=0.06 --c1-n-secs=196 --c2-start=0.39 --c2-end=0.2 --c2-n-secs=431 --n-epochs=65 --lr-critic=7.315462310749335E-4 --clipping=11.799185331865313 --batch-size=15 --seed=1 --disable-training-logs --memory-size=1015 --lr=0.0018103176507973232 --logdir=logs/ppo-tsp_all-15m-r3/tsp-kroA100 --communication=unix-socket -i=/tmp/pipes/unix-socket-1822184262009295,======,98003385660.0,[],900.0,[]
ppo,examples/tsp/tsplib/si535.tsp,r3,900,0,ppo --device=cuda:5 --c1-start=0.34 --c1-end=0.06 --c1-n-secs=196 --c2-start=0.39 --c2-end=0.2 --c2-n-secs=431 --n-epochs=65 --lr-critic=7.315462310749335E-4 --clipping=11.799185331865313 --batch-size=15 --seed=0 --disable-training-logs --memory-size=1015 --lr=0.0018103176507973232 --logdir=logs/ppo-tsp_all-15m-r3/tsp-si535 --communication=unix-socket -i=/tmp/pipes/unix-socket-1822186035790388,======,531000919000.0,[],900.0,[]
ppo,examples/tsp/tsplib/eil101.tsp,r3,900,1,ppo --device=auto-gpu --c1-start=0.34 --c1-end=0.06 --c1-n-secs=196 --c2-start=0.39 --c2-end=0.2 --c2-n-secs=431 --n-epochs=65 --lr-critic=7.315462310749335E-4 --clipping=11.799185331865313 --batch-size=15 --seed=1 --disable-training-logs --memory-size=1015 --lr=0.0018103176507973232 --logdir=logs/ppo-tsp_all-15m-r3/tsp-eil101 --communication=unix-socket -i=/tmp/pipes/unix-socket-1822186669275112,======,99000065116.0,[],900.0,[]
ppo,examples/tsp/tsplib/eil51.tsp,r3,900,1,ppo --device=auto-gpu --c1-start=0.34 --c1-end=0.06 --c1-n-secs=196 --c2-start=0.39 --c2-end=0.2 --c2-n-secs=431 --n-epochs=65 --lr-critic=7.315462310749335E-4 --clipping=11.799185331865313 --batch-size=15 --seed=1 --disable-training-logs --memory-size=1015 --lr=0.0018103176507973232 --logdir=logs/ppo-tsp_all-15m-r3/tsp-eil51 --communication=unix-socket -i=/tmp/pipes/unix-socket-1822188172501036,======,50000000000.0,[],900.0,[]
ppo,examples/tsp/tsplib/rd100.tsp,r3,900,1,ppo --device=auto-gpu --c1-start=0.34 --c1-end=0.06 --c1-n-secs=196 --c2-start=0.39 --c2-end=0.2 --c2-n-secs=431 --n-epochs=65 --lr-critic=7.315462310749335E-4 --clipping=11.799185331865313 --batch-size=15 --seed=1 --disable-training-logs --memory-size=1015 --lr=0.0018103176507973232 --logdir=logs/ppo-tsp_all-15m-r3/tsp-rd100 --communication=unix-socket -i=/tmp/pipes/unix-socket-1822187867282833,======,98002268694.0,[],900.0,[]
ppo,examples/tsp/tsplib/eil76.tsp,r3,900,1,ppo --device=auto-gpu --c1-start=0.34 --c1-end=0.06 --c1-n-secs=196 --c2-start=0.39 --c2-end=0.2 --c2-n-secs=431 --n-epochs=65 --lr-critic=7.315462310749335E-4 --clipping=11.799185331865313 --batch-size=15 --seed=1 --disable-training-logs --memory-size=1015 --lr=0.0018103176507973232 --logdir=logs/ppo-tsp_all-15m-r3/tsp-eil76 --communication=unix-socket -i=/tmp/pipes/unix-socket-1822188629917903,======,75000000000.0,[],900.0,[]
ppo,examples/tsp/tsplib/kroC100.tsp,r3,900,1,ppo --device=auto-gpu --c1-start=0.34 --c1-end=0.06 --c1-n-secs=196 --c2-start=0.39 --c2-end=0.2 --c2-n-secs=431 --n-epochs=65 --lr-critic=7.315462310749335E-4 --clipping=11.799185331865313 --batch-size=15 --seed=1 --disable-training-logs --memory-size=1015 --lr=0.0018103176507973232 --logdir=logs/ppo-tsp_all-15m-r3/tsp-kroC100 --communication=unix-socket -i=/tmp/pipes/unix-socket-1822188913365837,======,99000000000.0,[],900.0,[]
ppo,examples/tsp/tsplib/gr24.tsp,r3,900,1,ppo --device=auto-gpu --c1-start=0.34 --c1-end=0.06 --c1-n-secs=196 --c2-start=0.39 --c2-end=0.2 --c2-n-secs=431 --n-epochs=65 --lr-critic=7.315462310749335E-4 --clipping=11.799185331865313 --batch-size=15 --seed=1 --disable-training-logs --memory-size=1015 --lr=0.0018103176507973232 --logdir=logs/ppo-tsp_all-15m-r3/tsp-gr24 --communication=unix-socket -i=/tmp/pipes/unix-socket-1822189966930376,======,23000000000.0,[],900.0,[]
ppo,examples/tsp/tsplib/rat575.tsp,r3,900,1,ppo --device=auto-gpu --c1-start=0.34 --c1-end=0.06 --c1-n-secs=196 --c2-start=0.39 --c2-end=0.2 --c2-n-secs=431 --n-epochs=65 --lr-critic=7.315462310749335E-4 --clipping=11.799185331865313 --batch-size=15 --seed=1 --disable-training-logs --memory-size=1015 --lr=0.0018103176507973232 --logdir=logs/ppo-tsp_all-15m-r3/tsp-rat575 --communication=unix-socket -i=/tmp/pipes/unix-socket-1822190514739047,======,574000000000.0,[],900.0,[]
ppo,examples/tsp/tsplib/kroD100.tsp,r3,900,1,ppo --device=auto-gpu --c1-start=0.34 --c1-end=0.06 --c1-n-secs=196 --c2-start=0.39 --c2-end=0.2 --c2-n-secs=431 --n-epochs=65 --lr-critic=7.315462310749335E-4 --clipping=11.799185331865313 --batch-size=15 --seed=1 --disable-training-logs --memory-size=1015 --lr=0.0018103176507973232 --logdir=logs/ppo-tsp_all-15m-r3/tsp-kroD100 --communication=unix-socket -i=/tmp/pipes/unix-socket-1822191685701768,======,98005586344.0,[],900.0,[]
ppo,examples/tsp/tsplib/att48.tsp,r3,900,1,ppo --device=auto-gpu --c1-start=0.34 --c1-end=0.06 --c1-n-secs=196 --c2-start=0.39 --c2-end=0.2 --c2-n-secs=431 --n-epochs=65 --lr-critic=7.315462310749335E-4 --clipping=11.799185331865313 --batch-size=15 --seed=1 --disable-training-logs --memory-size=1015 --lr=0.0018103176507973232 --logdir=logs/ppo-tsp_all-15m-r3/tsp-att48 --communication=unix-socket -i=/tmp/pipes/unix-socket-1822192421516990,======,47000000000.0,[],900.0,[]
ppo,examples/tsp/tsplib/dantzig42.tsp,r3,900,1,ppo --device=auto-gpu --c1-start=0.34 --c1-end=0.06 --c1-n-secs=196 --c2-start=0.39 --c2-end=0.2 --c2-n-secs=431 --n-epochs=65 --lr-critic=7.315462310749335E-4 --clipping=11.799185331865313 --batch-size=15 --seed=1 --disable-training-logs --memory-size=1015 --lr=0.0018103176507973232 --logdir=logs/ppo-tsp_all-15m-r3/tsp-dantzig42 --communication=unix-socket -i=/tmp/pipes/unix-socket-1822192608781739,======,41000000000.0,[],900.0,[]
ppo,examples/tsp/tsplib/pr439.tsp,r3,900,1,ppo --device=auto-gpu --c1-start=0.34 --c1-end=0.06 --c1-n-secs=196 --c2-start=0.39 --c2-end=0.2 --c2-n-secs=431 --n-epochs=65 --lr-critic=7.315462310749335E-4 --clipping=11.799185331865313 --batch-size=15 --seed=1 --disable-training-logs --memory-size=1015 --lr=0.0018103176507973232 --logdir=logs/ppo-tsp_all-15m-r3/tsp-pr439 --communication=unix-socket -i=/tmp/pipes/unix-socket-1822193138387005,======,438000000000.0,[],900.0,[]
ppo,examples/tsp/tsplib/fri26.tsp,r3,900,1,ppo --device=auto-gpu --c1-start=0.34 --c1-end=0.06 --c1-n-secs=196 --c2-start=0.39 --c2-end=0.2 --c2-n-secs=431 --n-epochs=65 --lr-critic=7.315462310749335E-4 --clipping=11.799185331865313 --batch-size=15 --seed=1 --disable-training-logs --memory-size=1015 --lr=0.0018103176507973232 --logdir=logs/ppo-tsp_all-15m-r3/tsp-fri26 --communication=unix-socket -i=/tmp/pipes/unix-socket-1822194141718195,======,25000000000.0,[],900.0,[]
ppo,examples/tsp/tsplib/kroB100.tsp,r3,900,1,ppo --device=auto-gpu --c1-start=0.34 --c1-end=0.06 --c1-n-secs=196 --c2-start=0.39 --c2-end=0.2 --c2-n-secs=431 --n-epochs=65 --lr-critic=7.315462310749335E-4 --clipping=11.799185331865313 --batch-size=15 --seed=1 --disable-training-logs --memory-size=1015 --lr=0.0018103176507973232 --logdir=logs/ppo-tsp_all-15m-r3/tsp-kroB100 --communication=unix-socket -i=/tmp/pipes/unix-socket-1822195137366664,======,98005213858.0,[],900.0,[]
ppo,examples/tsp/tsplib/gr120.tsp,r3,900,1,ppo --device=auto-gpu --c1-start=0.34 --c1-end=0.06 --c1-n-secs=196 --c2-start=0.39 --c2-end=0.2 --c2-n-secs=431 --n-epochs=65 --lr-critic=7.315462310749335E-4 --clipping=11.799185331865313 --batch-size=15 --seed=1 --disable-training-logs --memory-size=1015 --lr=0.0018103176507973232 --logdir=logs/ppo-tsp_all-15m-r3/tsp-gr120 --communication=unix-socket -i=/tmp/pipes/unix-socket-1822196773753035,======,119000000000.0,[],900.0,[]
ppo,examples/tsp/tsplib/bays29.tsp,r3,900,1,ppo --device=auto-gpu --c1-start=0.34 --c1-end=0.06 --c1-n-secs=196 --c2-start=0.39 --c2-end=0.2 --c2-n-secs=431 --n-epochs=65 --lr-critic=7.315462310749335E-4 --clipping=11.799185331865313 --batch-size=15 --seed=1 --disable-training-logs --memory-size=1015 --lr=0.0018103176507973232 --logdir=logs/ppo-tsp_all-15m-r3/tsp-bays29 --communication=unix-socket -i=/tmp/pipes/unix-socket-1822196857726072,======,28000000000.0,[],900.0,[]
ppo,examples/tsp/tsplib/pr124.tsp,r3,900,2,ppo --device=auto-gpu --c1-start=0.34 --c1-end=0.06 --c1-n-secs=196 --c2-start=0.39 --c2-end=0.2 --c2-n-secs=431 --n-epochs=65 --lr-critic=7.315462310749335E-4 --clipping=11.799185331865313 --batch-size=15 --seed=2 --disable-training-logs --memory-size=1015 --lr=0.0018103176507973232 --logdir=logs/ppo-tsp_all-15m-r3/tsp-pr124 --communication=unix-socket -i=/tmp/pipes/unix-socket-1822198191625662,======,121001500000.0,[],900.0,[]
ppo,examples/tsp/tsplib/p654.tsp,r3,900,2,ppo --device=auto-gpu --c1-start=0.34 --c1-end=0.06 --c1-n-secs=196 --c2-start=0.39 --c2-end=0.2 --c2-n-secs=431 --n-epochs=65 --lr-critic=7.315462310749335E-4 --clipping=11.799185331865313 --batch-size=15 --seed=2 --disable-training-logs --memory-size=1015 --lr=0.0018103176507973232 --logdir=logs/ppo-tsp_all-15m-r3/tsp-p654 --communication=unix-socket -i=/tmp/pipes/unix-socket-1822197694506490,======,652002186606.0,[],900.0,[]
ppo,examples/tsp/tsplib/brazil58.tsp,r3,900,2,ppo --device=auto-gpu --c1-start=0.34 --c1-end=0.06 --c1-n-secs=196 --c2-start=0.39 --c2-end=0.2 --c2-n-secs=431 --n-epochs=65 --lr-critic=7.315462310749335E-4 --clipping=11.799185331865313 --batch-size=15 --seed=2 --disable-training-logs --memory-size=1015 --lr=0.0018103176507973232 --logdir=logs/ppo-tsp_all-15m-r3/tsp-brazil58 --communication=unix-socket -i=/tmp/pipes/unix-socket-1822198300144119,======,56005270000.0,[],900.0,[]
ppo,examples/tsp/tsplib/pr107.tsp,r3,900,2,ppo --device=auto-gpu --c1-start=0.34 --c1-end=0.06 --c1-n-secs=196 --c2-start=0.39 --c2-end=0.2 --c2-n-secs=431 --n-epochs=65 --lr-critic=7.315462310749335E-4 --clipping=11.799185331865313 --batch-size=15 --seed=2 --disable-training-logs --memory-size=1015 --lr=0.0018103176507973232 --logdir=logs/ppo-tsp_all-15m-r3/tsp-pr107 --communication=unix-socket -i=/tmp/pipes/unix-socket-1822198705516542,======,105000800000.0,[],900.0,[]
ppo,examples/tsp/tsplib/gr666.tsp,r3,900,2,ppo --device=auto-gpu --c1-start=0.34 --c1-end=0.06 --c1-n-secs=196 --c2-start=0.39 --c2-end=0.2 --c2-n-secs=431 --n-epochs=65 --lr-critic=7.315462310749335E-4 --clipping=11.799185331865313 --batch-size=15 --seed=2 --disable-training-logs --memory-size=1015 --lr=0.0018103176507973232 --logdir=logs/ppo-tsp_all-15m-r3/tsp-gr666 --communication=unix-socket -i=/tmp/pipes/unix-socket-1822199925190519,======,664004194458.0,[],900.0,[]
ppo,examples/tsp/tsplib/pr136.tsp,r3,900,2,ppo --device=auto-gpu --c1-start=0.34 --c1-end=0.06 --c1-n-secs=196 --c2-start=0.39 --c2-end=0.2 --c2-n-secs=431 --n-epochs=65 --lr-critic=7.315462310749335E-4 --clipping=11.799185331865313 --batch-size=15 --seed=2 --disable-training-logs --memory-size=1015 --lr=0.0018103176507973232 --logdir=logs/ppo-tsp_all-15m-r3/tsp-pr136 --communication=unix-socket -i=/tmp/pipes/unix-socket-1822201613073292,======,134003950000.0,[],900.0,[]
ppo,examples/tsp/tsplib/si175.tsp,r3,900,2,ppo --device=auto-gpu --c1-start=0.34 --c1-end=0.06 --c1-n-secs=196 --c2-start=0.39 --c2-end=0.2 --c2-n-secs=431 --n-epochs=65 --lr-critic=7.315462310749335E-4 --clipping=11.799185331865313 --batch-size=15 --seed=2 --disable-training-logs --memory-size=1015 --lr=0.0018103176507973232 --logdir=logs/ppo-tsp_all-15m-r3/tsp-si175 --communication=unix-socket -i=/tmp/pipes/unix-socket-1822202246567186,======,173000226000.0,[],900.0,[]
ppo,examples/tsp/tsplib/kroB150.tsp,r3,900,2,ppo --device=auto-gpu --c1-start=0.34 --c1-end=0.06 --c1-n-secs=196 --c2-start=0.39 --c2-end=0.2 --c2-n-secs=431 --n-epochs=65 --lr-critic=7.315462310749335E-4 --clipping=11.799185331865313 --batch-size=15 --seed=2 --disable-training-logs --memory-size=1015 --lr=0.0018103176507973232 --logdir=logs/ppo-tsp_all-15m-r3/tsp-kroB150 --communication=unix-socket -i=/tmp/pipes/unix-socket-1822203308866844,======,146004736067.0,[],900.0,[]
ppo,examples/tsp/tsplib/pr226.tsp,r3,900,2,ppo --device=auto-gpu --c1-start=0.34 --c1-end=0.06 --c1-n-secs=196 --c2-start=0.39 --c2-end=0.2 --c2-n-secs=431 --n-epochs=65 --lr-critic=7.315462310749335E-4 --clipping=11.799185331865313 --batch-size=15 --seed=2 --disable-training-logs --memory-size=1015 --lr=0.0018103176507973232 --logdir=logs/ppo-tsp_all-15m-r3/tsp-pr226 --communication=unix-socket -i=/tmp/pipes/unix-socket-1822205162834496,======,224002002498.0,[],900.0,[]
ppo,examples/tsp/tsplib/gil262.tsp,r3,900,2,ppo --device=auto-gpu --c1-start=0.34 --c1-end=0.06 --c1-n-secs=196 --c2-start=0.39 --c2-end=0.2 --c2-n-secs=431 --n-epochs=65 --lr-critic=7.315462310749335E-4 --clipping=11.799185331865313 --batch-size=15 --seed=2 --disable-training-logs --memory-size=1015 --lr=0.0018103176507973232 --logdir=logs/ppo-tsp_all-15m-r3/tsp-gil262 --communication=unix-socket -i=/tmp/pipes/unix-socket-1822205706332349,======,260000304690.0,[],900.0,[]
ppo,examples/tsp/tsplib/gr137.tsp,r3,900,2,ppo --device=auto-gpu --c1-start=0.34 --c1-end=0.06 --c1-n-secs=196 --c2-start=0.39 --c2-end=0.2 --c2-n-secs=431 --n-epochs=65 --lr-critic=7.315462310749335E-4 --clipping=11.799185331865313 --batch-size=15 --seed=2 --disable-training-logs --memory-size=1015 --lr=0.0018103176507973232 --logdir=logs/ppo-tsp_all-15m-r3/tsp-gr137 --communication=unix-socket -i=/tmp/pipes/unix-socket-1822206533318083,======,135001663856.0,[],900.0,[]
ppo,examples/tsp/tsplib/bier127.tsp,r3,900,2,ppo --device=auto-gpu --c1-start=0.34 --c1-end=0.06 --c1-n-secs=196 --c2-start=0.39 --c2-end=0.2 --c2-n-secs=431 --n-epochs=65 --lr-critic=7.315462310749335E-4 --clipping=11.799185331865313 --batch-size=15 --seed=2 --disable-training-logs --memory-size=1015 --lr=0.0018103176507973232 --logdir=logs/ppo-tsp_all-15m-r3/tsp-bier127 --communication=unix-socket -i=/tmp/pipes/unix-socket-1822207094802536,======,125001312390.0,[],900.0,[]
ppo,examples/tsp/tsplib/eil101.tsp,r3,900,2,ppo --device=auto-gpu --c1-start=0.34 --c1-end=0.06 --c1-n-secs=196 --c2-start=0.39 --c2-end=0.2 --c2-n-secs=431 --n-epochs=65 --lr-critic=7.315462310749335E-4 --clipping=11.799185331865313 --batch-size=15 --seed=2 --disable-training-logs --memory-size=1015 --lr=0.0018103176507973232 --logdir=logs/ppo-tsp_all-15m-r3/tsp-eil101 --communication=unix-socket -i=/tmp/pipes/unix-socket-1822208295718046,======,98000081527.0,[],900.0,[]
ppo,examples/tsp/tsplib/kroA100.tsp,r3,900,2,ppo --device=auto-gpu --c1-start=0.34 --c1-end=0.06 --c1-n-secs=196 --c2-start=0.39 --c2-end=0.2 --c2-n-secs=431 --n-epochs=65 --lr-critic=7.315462310749335E-4 --clipping=11.799185331865313 --batch-size=15 --seed=2 --disable-training-logs --memory-size=1015 --lr=0.0018103176507973232 --logdir=logs/ppo-tsp_all-15m-r3/tsp-kroA100 --communication=unix-socket -i=/tmp/pipes/unix-socket-1822208207814452,======,98003385660.0,[],900.0,[]
ppo,examples/tsp/tsplib/pr76.tsp,r3,900,2,ppo --device=auto-gpu --c1-start=0.34 --c1-end=0.06 --c1-n-secs=196 --c2-start=0.39 --c2-end=0.2 --c2-n-secs=431 --n-epochs=65 --lr-critic=7.315462310749335E-4 --clipping=11.799185331865313 --batch-size=15 --seed=2 --disable-training-logs --memory-size=1015 --lr=0.0018103176507973232 --logdir=logs/ppo-tsp_all-15m-r3/tsp-pr76 --communication=unix-socket -i=/tmp/pipes/unix-socket-1822207493304422,======,73007665328.0,[],900.0,[]
ppo,examples/tsp/tsplib/eil51.tsp,r3,900,2,ppo --device=auto-gpu --c1-start=0.34 --c1-end=0.06 --c1-n-secs=196 --c2-start=0.39 --c2-end=0.2 --c2-n-secs=431 --n-epochs=65 --lr-critic=7.315462310749335E-4 --clipping=11.799185331865313 --batch-size=15 --seed=2 --disable-training-logs --memory-size=1015 --lr=0.0018103176507973232 --logdir=logs/ppo-tsp_all-15m-r3/tsp-eil51 --communication=unix-socket -i=/tmp/pipes/unix-socket-1822209479369452,======,49000024738.0,[],900.0,[]
ppo,examples/tsp/tsplib/rd100.tsp,r3,900,2,ppo --device=auto-gpu --c1-start=0.34 --c1-end=0.06 --c1-n-secs=196 --c2-start=0.39 --c2-end=0.2 --c2-n-secs=431 --n-epochs=65 --lr-critic=7.315462310749335E-4 --clipping=11.799185331865313 --batch-size=15 --seed=2 --disable-training-logs --memory-size=1015 --lr=0.0018103176507973232 --logdir=logs/ppo-tsp_all-15m-r3/tsp-rd100 --communication=unix-socket -i=/tmp/pipes/unix-socket-1822208972638884,======,98002268694.0,[],900.0,[]
ppo,examples/tsp/tsplib/eil76.tsp,r3,900,2,ppo --device=auto-gpu --c1-start=0.34 --c1-end=0.06 --c1-n-secs=196 --c2-start=0.39 --c2-end=0.2 --c2-n-secs=431 --n-epochs=65 --lr-critic=7.315462310749335E-4 --clipping=11.799185331865313 --batch-size=15 --seed=2 --disable-training-logs --memory-size=1015 --lr=0.0018103176507973232 --logdir=logs/ppo-tsp_all-15m-r3/tsp-eil76 --communication=unix-socket -i=/tmp/pipes/unix-socket-1822210341273551,======,73000061789.0,[],900.0,[]
ppo,examples/tsp/tsplib/kroC100.tsp,r3,900,2,ppo --device=auto-gpu --c1-start=0.34 --c1-end=0.06 --c1-n-secs=196 --c2-start=0.39 --c2-end=0.2 --c2-n-secs=431 --n-epochs=65 --lr-critic=7.315462310749335E-4 --clipping=11.799185331865313 --batch-size=15 --seed=2 --disable-training-logs --memory-size=1015 --lr=0.0018103176507973232 --logdir=logs/ppo-tsp_all-15m-r3/tsp-kroC100 --communication=unix-socket -i=/tmp/pipes/unix-socket-1822210772642524,======,98003399092.0,[],900.0,[]
ppo,examples/tsp/tsplib/gr24.tsp,r3,900,2,ppo --device=auto-gpu --c1-start=0.34 --c1-end=0.06 --c1-n-secs=196 --c2-start=0.39 --c2-end=0.2 --c2-n-secs=431 --n-epochs=65 --lr-critic=7.315462310749335E-4 --clipping=11.799185331865313 --batch-size=15 --seed=2 --disable-training-logs --memory-size=1015 --lr=0.0018103176507973232 --logdir=logs/ppo-tsp_all-15m-r3/tsp-gr24 --communication=unix-socket -i=/tmp/pipes/unix-socket-1822211813684813,======,22000514000.0,[],900.0,[]
ppo,examples/tsp/tsplib/rat575.tsp,r3,900,2,ppo --device=auto-gpu --c1-start=0.34 --c1-end=0.06 --c1-n-secs=196 --c2-start=0.39 --c2-end=0.2 --c2-n-secs=431 --n-epochs=65 --lr-critic=7.315462310749335E-4 --clipping=11.799185331865313 --batch-size=15 --seed=2 --disable-training-logs --memory-size=1015 --lr=0.0018103176507973232 --logdir=logs/ppo-tsp_all-15m-r3/tsp-rat575 --communication=unix-socket -i=/tmp/pipes/unix-socket-1822212387561963,======,573000037364.0,[],900.0,[]
ppo,examples/tsp/tsplib/rd400.tsp,r3,900,2,ppo --device=auto-gpu --c1-start=0.34 --c1-end=0.06 --c1-n-secs=196 --c2-start=0.39 --c2-end=0.2 --c2-n-secs=431 --n-epochs=65 --lr-critic=7.315462310749335E-4 --clipping=11.799185331865313 --batch-size=15 --seed=2 --disable-training-logs --memory-size=1015 --lr=0.0018103176507973232 --logdir=logs/ppo-tsp_all-15m-r3/tsp-rd400 --communication=unix-socket -i=/tmp/pipes/unix-socket-1822214034675752,======,397001133643.0,[],900.0,[]
ppo,examples/tsp/tsplib/kroD100.tsp,r3,900,2,ppo --device=auto-gpu --c1-start=0.34 --c1-end=0.06 --c1-n-secs=196 --c2-start=0.39 --c2-end=0.2 --c2-n-secs=431 --n-epochs=65 --lr-critic=7.315462310749335E-4 --clipping=11.799185331865313 --batch-size=15 --seed=2 --disable-training-logs --memory-size=1015 --lr=0.0018103176507973232 --logdir=logs/ppo-tsp_all-15m-r3/tsp-kroD100 --communication=unix-socket -i=/tmp/pipes/unix-socket-1822214485392527,======,98005586344.0,[],900.0,[]
ppo,examples/tsp/tsplib/rat783.tsp,r3,900,2,ppo --device=auto-gpu --c1-start=0.34 --c1-end=0.06 --c1-n-secs=196 --c2-start=0.39 --c2-end=0.2 --c2-n-secs=431 --n-epochs=65 --lr-critic=7.315462310749335E-4 --clipping=11.799185331865313 --batch-size=15 --seed=2 --disable-training-logs --memory-size=1015 --lr=0.0018103176507973232 --logdir=logs/ppo-tsp_all-15m-r3/tsp-rat783 --communication=unix-socket -i=/tmp/pipes/unix-socket-1822215024454061,======,781000072000.0,[],900.0,[]
ppo,examples/tsp/tsplib/att48.tsp,r3,900,2,ppo --device=auto-gpu --c1-start=0.34 --c1-end=0.06 --c1-n-secs=196 --c2-start=0.39 --c2-end=0.2 --c2-n-secs=431 --n-epochs=65 --lr-critic=7.315462310749335E-4 --clipping=11.799185331865313 --batch-size=15 --seed=2 --disable-training-logs --memory-size=1015 --lr=0.0018103176507973232 --logdir=logs/ppo-tsp_all-15m-r3/tsp-att48 --communication=unix-socket -i=/tmp/pipes/unix-socket-1822215208839062,======,45003011000.0,[],900.0,[]
ppo,examples/tsp/tsplib/dantzig42.tsp,r3,900,2,ppo --device=auto-gpu --c1-start=0.34 --c1-end=0.06 --c1-n-secs=196 --c2-start=0.39 --c2-end=0.2 --c2-n-secs=431 --n-epochs=65 --lr-critic=7.315462310749335E-4 --clipping=11.799185331865313 --batch-size=15 --seed=2 --disable-training-logs --memory-size=1015 --lr=0.0018103176507973232 --logdir=logs/ppo-tsp_all-15m-r3/tsp-dantzig42 --communication=unix-socket -i=/tmp/pipes/unix-socket-1822215713611144,======,40000016000.0,[],900.0,[]
ppo,examples/tsp/tsplib/kroB100.tsp,r3,900,2,ppo --device=auto-gpu --c1-start=0.34 --c1-end=0.06 --c1-n-secs=196 --c2-start=0.39 --c2-end=0.2 --c2-n-secs=431 --n-epochs=65 --lr-critic=7.315462310749335E-4 --clipping=11.799185331865313 --batch-size=15 --seed=2 --disable-training-logs --memory-size=1015 --lr=0.0018103176507973232 --logdir=logs/ppo-tsp_all-15m-r3/tsp-kroB100 --communication=unix-socket -i=/tmp/pipes/unix-socket-1822216857400359,======,98005213858.0,[],900.0,[]
ppo,examples/tsp/tsplib/fri26.tsp,r3,900,2,ppo --device=auto-gpu --c1-start=0.34 --c1-end=0.06 --c1-n-secs=196 --c2-start=0.39 --c2-end=0.2 --c2-n-secs=431 --n-epochs=65 --lr-critic=7.315462310749335E-4 --clipping=11.799185331865313 --batch-size=15 --seed=2 --disable-training-logs --memory-size=1015 --lr=0.0018103176507973232 --logdir=logs/ppo-tsp_all-15m-r3/tsp-fri26 --communication=unix-socket -i=/tmp/pipes/unix-socket-1822216707058015,======,22000271000.0,[],900.0,[]
ppo,examples/tsp/tsplib/bays29.tsp,r3,900,2,ppo --device=auto-gpu --c1-start=0.34 --c1-end=0.06 --c1-n-secs=196 --c2-start=0.39 --c2-end=0.2 --c2-n-secs=431 --n-epochs=65 --lr-critic=7.315462310749335E-4 --clipping=11.799185331865313 --batch-size=15 --seed=2 --disable-training-logs --memory-size=1015 --lr=0.0018103176507973232 --logdir=logs/ppo-tsp_all-15m-r3/tsp-bays29 --communication=unix-socket -i=/tmp/pipes/unix-socket-1822218523928220,======,27000214000.0,[],900.0,[]
ppo,examples/tsp/tsplib/gr120.tsp,r3,900,2,ppo --device=auto-gpu --c1-start=0.34 --c1-end=0.06 --c1-n-secs=196 --c2-start=0.39 --c2-end=0.2 --c2-n-secs=431 --n-epochs=65 --lr-critic=7.315462310749335E-4 --clipping=11.799185331865313 --batch-size=15 --seed=2 --disable-training-logs --memory-size=1015 --lr=0.0018103176507973232 --logdir=logs/ppo-tsp_all-15m-r3/tsp-gr120 --communication=unix-socket -i=/tmp/pipes/unix-socket-1822218356439036,======,118001068000.0,[],900.0,[]
ppo,examples/tsp/tsplib/pr124.tsp,r3,900,3,ppo --device=auto-gpu --c1-start=0.34 --c1-end=0.06 --c1-n-secs=196 --c2-start=0.39 --c2-end=0.2 --c2-n-secs=431 --n-epochs=65 --lr-critic=7.315462310749335E-4 --clipping=11.799185331865313 --batch-size=15 --seed=3 --disable-training-logs --memory-size=1015 --lr=0.0018103176507973232 --logdir=logs/ppo-tsp_all-15m-r3/tsp-pr124 --communication=unix-socket -i=/tmp/pipes/unix-socket-1822220217621203,======,116005301523.0,[],900.0,[]
ppo,examples/tsp/tsplib/gr666.tsp,r3,900,3,ppo --device=auto-gpu --c1-start=0.34 --c1-end=0.06 --c1-n-secs=196 --c2-start=0.39 --c2-end=0.2 --c2-n-secs=431 --n-epochs=65 --lr-critic=7.315462310749335E-4 --clipping=11.799185331865313 --batch-size=15 --seed=3 --disable-training-logs --memory-size=1015 --lr=0.0018103176507973232 --logdir=logs/ppo-tsp_all-15m-r3/tsp-gr666 --communication=unix-socket -i=/tmp/pipes/unix-socket-1822223529581072,======,658010506429.0,[],900.0,[]
ppo,examples/tsp/tsplib/d657.tsp,r3,900,3,ppo --device=auto-gpu --c1-start=0.34 --c1-end=0.06 --c1-n-secs=196 --c2-start=0.39 --c2-end=0.2 --c2-n-secs=431 --n-epochs=65 --lr-critic=7.315462310749335E-4 --clipping=11.799185331865313 --batch-size=15 --seed=3 --disable-training-logs --memory-size=1015 --lr=0.0018103176507973232 --logdir=logs/ppo-tsp_all-15m-r3/tsp-d657 --communication=unix-socket -i=/tmp/pipes/unix-socket-1822223694923740,======,649003863484.0,[],900.0,[]
ppo,examples/tsp/tsplib/pr136.tsp,r3,900,3,ppo --device=auto-gpu --c1-start=0.34 --c1-end=0.06 --c1-n-secs=196 --c2-start=0.39 --c2-end=0.2 --c2-n-secs=431 --n-epochs=65 --lr-critic=7.315462310749335E-4 --clipping=11.799185331865313 --batch-size=15 --seed=3 --disable-training-logs --memory-size=1015 --lr=0.0018103176507973232 --logdir=logs/ppo-tsp_all-15m-r3/tsp-pr136 --communication=unix-socket -i=/tmp/pipes/unix-socket-1822224448952514,======,105044153142.0,[],900.0,[]
ppo,examples/tsp/tsplib/si175.tsp,r3,900,3,ppo --device=auto-gpu --c1-start=0.34 --c1-end=0.06 --c1-n-secs=196 --c2-start=0.39 --c2-end=0.2 --c2-n-secs=431 --n-epochs=65 --lr-critic=7.315462310749335E-4 --clipping=11.799185331865313 --batch-size=15 --seed=3 --disable-training-logs --memory-size=1015 --lr=0.0018103176507973232 --logdir=logs/ppo-tsp_all-15m-r3/tsp-si175 --communication=unix-socket -i=/tmp/pipes/unix-socket-1822225482373700,======,171000837000.0,[],900.0,[]
ppo,examples/tsp/tsplib/gr137.tsp,r3,900,3,ppo --device=auto-gpu --c1-start=0.34 --c1-end=0.06 --c1-n-secs=196 --c2-start=0.39 --c2-end=0.2 --c2-n-secs=431 --n-epochs=65 --lr-critic=7.315462310749335E-4 --clipping=11.799185331865313 --batch-size=15 --seed=3 --disable-training-logs --memory-size=1015 --lr=0.0018103176507973232 --logdir=logs/ppo-tsp_all-15m-r3/tsp-gr137 --communication=unix-socket -i=/tmp/pipes/unix-socket-1822228010736161,======,133003898624.0,[],900.0,[]
ppo,examples/tsp/tsplib/si535.tsp,r3,900,2,ppo --device=auto-gpu --c1-start=0.34 --c1-end=0.06 --c1-n-secs=196 --c2-start=0.39 --c2-end=0.2 --c2-n-secs=431 --n-epochs=65 --lr-critic=7.315462310749335E-4 --clipping=11.799185331865313 --batch-size=15 --seed=2 --disable-training-logs --memory-size=1015 --lr=0.0018103176507973232 --logdir=logs/ppo-tsp_all-15m-r3/tsp-si535 --communication=unix-socket -i=/tmp/pipes/unix-socket-1822230253805520,======,533000560000.0,[],900.0,[]
ppo,examples/tsp/tsplib/bier127.tsp,r3,900,3,ppo --device=auto-gpu --c1-start=0.34 --c1-end=0.06 --c1-n-secs=196 --c2-start=0.39 --c2-end=0.2 --c2-n-secs=431 --n-epochs=65 --lr-critic=7.315462310749335E-4 --clipping=11.799185331865313 --batch-size=15 --seed=3 --disable-training-logs --memory-size=1015 --lr=0.0018103176507973232 --logdir=logs/ppo-tsp_all-15m-r3/tsp-bier127 --communication=unix-socket -i=/tmp/pipes/unix-socket-1822229537900658,======,99027868637.0,[],900.0,[]
ppo,examples/tsp/tsplib/pr76.tsp,r3,900,3,ppo --device=auto-gpu --c1-start=0.34 --c1-end=0.06 --c1-n-secs=196 --c2-start=0.39 --c2-end=0.2 --c2-n-secs=431 --n-epochs=65 --lr-critic=7.315462310749335E-4 --clipping=11.799185331865313 --batch-size=15 --seed=3 --disable-training-logs --memory-size=1015 --lr=0.0018103176507973232 --logdir=logs/ppo-tsp_all-15m-r3/tsp-pr76 --communication=unix-socket -i=/tmp/pipes/unix-socket-1822231335249340,======,68013361987.0,[],900.0,[]
ppo,examples/tsp/tsplib/kroA100.tsp,r3,900,3,ppo --device=auto-gpu --c1-start=0.34 --c1-end=0.06 --c1-n-secs=196 --c2-start=0.39 --c2-end=0.2 --c2-n-secs=431 --n-epochs=65 --lr-critic=7.315462310749335E-4 --clipping=11.799185331865313 --batch-size=15 --seed=3 --disable-training-logs --memory-size=1015 --lr=0.0018103176507973232 --logdir=logs/ppo-tsp_all-15m-r3/tsp-kroA100 --communication=unix-socket -i=/tmp/pipes/unix-socket-1822232978437430,======,96007467167.0,[],900.0,[]
ppo,examples/tsp/tsplib/eil101.tsp,r3,900,3,ppo --device=auto-gpu --c1-start=0.34 --c1-end=0.06 --c1-n-secs=196 --c2-start=0.39 --c2-end=0.2 --c2-n-secs=431 --n-epochs=65 --lr-critic=7.315462310749335E-4 --clipping=11.799185331865313 --batch-size=15 --seed=3 --disable-training-logs --memory-size=1015 --lr=0.0018103176507973232 --logdir=logs/ppo-tsp_all-15m-r3/tsp-eil101 --communication=unix-socket -i=/tmp/pipes/unix-socket-1822233114778856,======,93000133344.0,[],900.0,[]
ppo,examples/tsp/tsplib/rd100.tsp,r3,900,3,ppo --device=auto-gpu --c1-start=0.34 --c1-end=0.06 --c1-n-secs=196 --c2-start=0.39 --c2-end=0.2 --c2-n-secs=431 --n-epochs=65 --lr-critic=7.315462310749335E-4 --clipping=11.799185331865313 --batch-size=15 --seed=3 --disable-training-logs --memory-size=1015 --lr=0.0018103176507973232 --logdir=logs/ppo-tsp_all-15m-r3/tsp-rd100 --communication=unix-socket -i=/tmp/pipes/unix-socket-1822234148950127,======,96002448187.0,[],900.0,[]
ppo,examples/tsp/tsplib/kroC100.tsp,r3,900,3,ppo --device=auto-gpu --c1-start=0.34 --c1-end=0.06 --c1-n-secs=196 --c2-start=0.39 --c2-end=0.2 --c2-n-secs=431 --n-epochs=65 --lr-critic=7.315462310749335E-4 --clipping=11.799185331865313 --batch-size=15 --seed=3 --disable-training-logs --memory-size=1015 --lr=0.0018103176507973232 --logdir=logs/ppo-tsp_all-15m-r3/tsp-kroC100 --communication=unix-socket -i=/tmp/pipes/unix-socket-1822234639939051,======,96004736067.0,[],900.0,[]
ppo,examples/tsp/tsplib/kroD100.tsp,r3,900,3,ppo --device=auto-gpu --c1-start=0.34 --c1-end=0.06 --c1-n-secs=196 --c2-start=0.39 --c2-end=0.2 --c2-n-secs=431 --n-epochs=65 --lr-critic=7.315462310749335E-4 --clipping=11.799185331865313 --batch-size=15 --seed=3 --disable-training-logs --memory-size=1015 --lr=0.0018103176507973232 --logdir=logs/ppo-tsp_all-15m-r3/tsp-kroD100 --communication=unix-socket -i=/tmp/pipes/unix-socket-1822239844086449,======,96005902052.0,[],900.0,[]
ppo,examples/tsp/tsplib/rat783.tsp,r3,900,3,ppo --device=auto-gpu --c1-start=0.34 --c1-end=0.06 --c1-n-secs=196 --c2-start=0.39 --c2-end=0.2 --c2-n-secs=431 --n-epochs=65 --lr-critic=7.315462310749335E-4 --clipping=11.799185331865313 --batch-size=15 --seed=3 --disable-training-logs --memory-size=1015 --lr=0.0018103176507973232 --logdir=logs/ppo-tsp_all-15m-r3/tsp-rat783 --communication=unix-socket -i=/tmp/pipes/unix-socket-1822240334047172,======,773000514341.0,[],900.0,[]
ppo,examples/tsp/tsplib/att48.tsp,r3,900,3,ppo --device=auto-gpu --c1-start=0.34 --c1-end=0.06 --c1-n-secs=196 --c2-start=0.39 --c2-end=0.2 --c2-n-secs=431 --n-epochs=65 --lr-critic=7.315462310749335E-4 --clipping=11.799185331865313 --batch-size=15 --seed=3 --disable-training-logs --memory-size=1015 --lr=0.0018103176507973232 --logdir=logs/ppo-tsp_all-15m-r3/tsp-att48 --communication=unix-socket -i=/tmp/pipes/unix-socket-1822242333085953,======,40005919000.0,[],900.0,[]
ppo,examples/tsp/tsplib/kroB100.tsp,r3,900,3,ppo --device=auto-gpu --c1-start=0.34 --c1-end=0.06 --c1-n-secs=196 --c2-start=0.39 --c2-end=0.2 --c2-n-secs=431 --n-epochs=65 --lr-critic=7.315462310749335E-4 --clipping=11.799185331865313 --batch-size=15 --seed=3 --disable-training-logs --memory-size=1015 --lr=0.0018103176507973232 --logdir=logs/ppo-tsp_all-15m-r3/tsp-kroB100 --communication=unix-socket -i=/tmp/pipes/unix-socket-1822243801098354,======,96006683772.0,[],900.0,[]
ppo,examples/tsp/tsplib/pr439.tsp,r3,900,3,ppo --device=auto-gpu --c1-start=0.34 --c1-end=0.06 --c1-n-secs=196 --c2-start=0.39 --c2-end=0.2 --c2-n-secs=431 --n-epochs=65 --lr-critic=7.315462310749335E-4 --clipping=11.799185331865313 --batch-size=15 --seed=3 --disable-training-logs --memory-size=1015 --lr=0.0018103176507973232 --logdir=logs/ppo-tsp_all-15m-r3/tsp-pr439 --communication=unix-socket -i=/tmp/pipes/unix-socket-1822243669246882,======,431001628316.0,[],900.0,[]
ppo,examples/tsp/tsplib/fri26.tsp,r3,900,3,ppo --device=auto-gpu --c1-start=0.34 --c1-end=0.06 --c1-n-secs=196 --c2-start=0.39 --c2-end=0.2 --c2-n-secs=431 --n-epochs=65 --lr-critic=7.315462310749335E-4 --clipping=11.799185331865313 --batch-size=15 --seed=3 --disable-training-logs --memory-size=1015 --lr=0.0018103176507973232 --logdir=logs/ppo-tsp_all-15m-r3/tsp-fri26 --communication=unix-socket -i=/tmp/pipes/unix-socket-1822243694195927,======,16000413000.0,[],900.0,[]
ppo,examples/tsp/tsplib/bays29.tsp,r3,900,3,ppo --device=auto-gpu --c1-start=0.34 --c1-end=0.06 --c1-n-secs=196 --c2-start=0.39 --c2-end=0.2 --c2-n-secs=431 --n-epochs=65 --lr-critic=7.315462310749335E-4 --clipping=11.799185331865313 --batch-size=15 --seed=3 --disable-training-logs --memory-size=1015 --lr=0.0018103176507973232 --logdir=logs/ppo-tsp_all-15m-r3/tsp-bays29 --communication=unix-socket -i=/tmp/pipes/unix-socket-1822248563008036,======,21001128000.0,[],900.0,[]
ppo,examples/tsp/tsplib/p654.tsp,r3,900,4,ppo --device=auto-gpu --c1-start=0.34 --c1-end=0.06 --c1-n-secs=196 --c2-start=0.39 --c2-end=0.2 --c2-n-secs=431 --n-epochs=65 --lr-critic=7.315462310749335E-4 --clipping=11.799185331865313 --batch-size=15 --seed=4 --disable-training-logs --memory-size=1015 --lr=0.0018103176507973232 --logdir=logs/ppo-tsp_all-15m-r3/tsp-p654 --communication=unix-socket -i=/tmp/pipes/unix-socket-1822251257610304,======,650003244723.0,[],900.0,[]
ppo,examples/tsp/tsplib/pr124.tsp,r3,900,4,ppo --device=auto-gpu --c1-start=0.34 --c1-end=0.06 --c1-n-secs=196 --c2-start=0.39 --c2-end=0.2 --c2-n-secs=431 --n-epochs=65 --lr-critic=7.315462310749335E-4 --clipping=11.799185331865313 --batch-size=15 --seed=4 --disable-training-logs --memory-size=1015 --lr=0.0018103176507973232 --logdir=logs/ppo-tsp_all-15m-r3/tsp-pr124 --communication=unix-socket -i=/tmp/pipes/unix-socket-1822252473722853,======,120002124000.0,[],900.0,[]
ppo,examples/tsp/tsplib/brazil58.tsp,r3,900,4,ppo --device=auto-gpu --c1-start=0.34 --c1-end=0.06 --c1-n-secs=196 --c2-start=0.39 --c2-end=0.2 --c2-n-secs=431 --n-epochs=65 --lr-critic=7.315462310749335E-4 --clipping=11.799185331865313 --batch-size=15 --seed=4 --disable-training-logs --memory-size=1015 --lr=0.0018103176507973232 --logdir=logs/ppo-tsp_all-15m-r3/tsp-brazil58 --communication=unix-socket -i=/tmp/pipes/unix-socket-1822252441818697,======,52009265000.0,[],900.0,[]
ppo,examples/tsp/tsplib/pr107.tsp,r3,900,4,ppo --device=auto-gpu --c1-start=0.34 --c1-end=0.06 --c1-n-secs=196 --c2-start=0.39 --c2-end=0.2 --c2-n-secs=431 --n-epochs=65 --lr-critic=7.315462310749335E-4 --clipping=11.799185331865313 --batch-size=15 --seed=4 --disable-training-logs --memory-size=1015 --lr=0.0018103176507973232 --logdir=logs/ppo-tsp_all-15m-r3/tsp-pr107 --communication=unix-socket -i=/tmp/pipes/unix-socket-1822252543104280,======,103001330057.0,[],900.0,[]
ppo,examples/tsp/tsplib/si535.tsp,r3,900,3,ppo --device=auto-gpu --c1-start=0.34 --c1-end=0.06 --c1-n-secs=196 --c2-start=0.39 --c2-end=0.2 --c2-n-secs=431 --n-epochs=65 --lr-critic=7.315462310749335E-4 --clipping=11.799185331865313 --batch-size=15 --seed=3 --disable-training-logs --memory-size=1015 --lr=0.0018103176507973232 --logdir=logs/ppo-tsp_all-15m-r3/tsp-si535 --communication=unix-socket -i=/tmp/pipes/unix-socket-1822254215647502,======,527002000000.0,[],900.0,[]
ppo,examples/tsp/tsplib/d657.tsp,r3,900,4,ppo --device=auto-gpu --c1-start=0.34 --c1-end=0.06 --c1-n-secs=196 --c2-start=0.39 --c2-end=0.2 --c2-n-secs=431 --n-epochs=65 --lr-critic=7.315462310749335E-4 --clipping=11.799185331865313 --batch-size=15 --seed=4 --disable-training-logs --memory-size=1015 --lr=0.0018103176507973232 --logdir=logs/ppo-tsp_all-15m-r3/tsp-d657 --communication=unix-socket -i=/tmp/pipes/unix-socket-1822259906434867,======,653002905305.0,[],900.0,[]
ppo,examples/tsp/tsplib/pr136.tsp,r3,900,4,ppo --device=auto-gpu --c1-start=0.34 --c1-end=0.06 --c1-n-secs=196 --c2-start=0.39 --c2-end=0.2 --c2-n-secs=431 --n-epochs=65 --lr-critic=7.315462310749335E-4 --clipping=11.799185331865313 --batch-size=15 --seed=4 --disable-training-logs --memory-size=1015 --lr=0.0018103176507973232 --logdir=logs/ppo-tsp_all-15m-r3/tsp-pr136 --communication=unix-socket -i=/tmp/pipes/unix-socket-1822260880592761,======,132018250000.0,[],900.0,[]
ppo,examples/tsp/tsplib/si175.tsp,r3,900,4,ppo --device=auto-gpu --c1-start=0.34 --c1-end=0.06 --c1-n-secs=196 --c2-start=0.39 --c2-end=0.2 --c2-n-secs=431 --n-epochs=65 --lr-critic=7.315462310749335E-4 --clipping=11.799185331865313 --batch-size=15 --seed=4 --disable-training-logs --memory-size=1015 --lr=0.0018103176507973232 --logdir=logs/ppo-tsp_all-15m-r3/tsp-si175 --communication=unix-socket -i=/tmp/pipes/unix-socket-1822261482074574,======,171000837000.0,[],900.0,[]
ppo,examples/tsp/tsplib/pcb442.tsp,r3,900,4,ppo --device=auto-gpu --c1-start=0.34 --c1-end=0.06 --c1-n-secs=196 --c2-start=0.39 --c2-end=0.2 --c2-n-secs=431 --n-epochs=65 --lr-critic=7.315462310749335E-4 --clipping=11.799185331865313 --batch-size=15 --seed=4 --disable-training-logs --memory-size=1015 --lr=0.0018103176507973232 --logdir=logs/ppo-tsp_all-15m-r3/tsp-pcb442 --communication=unix-socket -i=/tmp/pipes/unix-socket-1822262693228020,======,438000600000.0,[],900.0,[]
ppo,examples/tsp/tsplib/kroB150.tsp,r3,900,4,ppo --device=auto-gpu --c1-start=0.34 --c1-end=0.06 --c1-n-secs=196 --c2-start=0.39 --c2-end=0.2 --c2-n-secs=431 --n-epochs=65 --lr-critic=7.315462310749335E-4 --clipping=11.799185331865313 --batch-size=15 --seed=4 --disable-training-logs --memory-size=1015 --lr=0.0018103176507973232 --logdir=logs/ppo-tsp_all-15m-r3/tsp-kroB150 --communication=unix-socket -i=/tmp/pipes/unix-socket-1822264666970417,======,146004736067.0,[],900.0,[]
ppo,examples/tsp/tsplib/gil262.tsp,r3,900,4,ppo --device=auto-gpu --c1-start=0.34 --c1-end=0.06 --c1-n-secs=196 --c2-start=0.39 --c2-end=0.2 --c2-n-secs=431 --n-epochs=65 --lr-critic=7.315462310749335E-4 --clipping=11.799185331865313 --batch-size=15 --seed=4 --disable-training-logs --memory-size=1015 --lr=0.0018103176507973232 --logdir=logs/ppo-tsp_all-15m-r3/tsp-gil262 --communication=unix-socket -i=/tmp/pipes/unix-socket-1822268921061524,======,258000390911.0,[],900.0,[]
ppo,examples/tsp/tsplib/gr137.tsp,r3,900,4,ppo --device=auto-gpu --c1-start=0.34 --c1-end=0.06 --c1-n-secs=196 --c2-start=0.39 --c2-end=0.2 --c2-n-secs=431 --n-epochs=65 --lr-critic=7.315462310749335E-4 --clipping=11.799185331865313 --batch-size=15 --seed=4 --disable-training-logs --memory-size=1015 --lr=0.0018103176507973232 --logdir=logs/ppo-tsp_all-15m-r3/tsp-gr137 --communication=unix-socket -i=/tmp/pipes/unix-socket-1822269371805044,======,131007093461.0,[],900.0,[]
ppo,examples/tsp/tsplib/bier127.tsp,r3,900,4,ppo --device=auto-gpu --c1-start=0.34 --c1-end=0.06 --c1-n-secs=196 --c2-start=0.39 --c2-end=0.2 --c2-n-secs=431 --n-epochs=65 --lr-critic=7.315462310749335E-4 --clipping=11.799185331865313 --batch-size=15 --seed=4 --disable-training-logs --memory-size=1015 --lr=0.0018103176507973232 --logdir=logs/ppo-tsp_all-15m-r3/tsp-bier127 --communication=unix-socket -i=/tmp/pipes/unix-socket-1822270628047541,======,123005290621.0,[],900.0,[]
ppo,examples/tsp/tsplib/pr76.tsp,r3,900,4,ppo --device=auto-gpu --c1-start=0.34 --c1-end=0.06 --c1-n-secs=196 --c2-start=0.39 --c2-end=0.2 --c2-n-secs=431 --n-epochs=65 --lr-critic=7.315462310749335E-4 --clipping=11.799185331865313 --batch-size=15 --seed=4 --disable-training-logs --memory-size=1015 --lr=0.0018103176507973232 --logdir=logs/ppo-tsp_all-15m-r3/tsp-pr76 --communication=unix-socket -i=/tmp/pipes/unix-socket-1822272634860915,======,72008635546.0,[],900.0,[]
ppo,examples/tsp/tsplib/kroA100.tsp,r3,900,4,ppo --device=auto-gpu --c1-start=0.34 --c1-end=0.06 --c1-n-secs=196 --c2-start=0.39 --c2-end=0.2 --c2-n-secs=431 --n-epochs=65 --lr-critic=7.315462310749335E-4 --clipping=11.799185331865313 --batch-size=15 --seed=4 --disable-training-logs --memory-size=1015 --lr=0.0018103176507973232 --logdir=logs/ppo-tsp_all-15m-r3/tsp-kroA100 --communication=unix-socket -i=/tmp/pipes/unix-socket-1822274718369770,======,93008139576.0,[],900.0,[]
ppo,examples/tsp/tsplib/eil101.tsp,r3,900,4,ppo --device=auto-gpu --c1-start=0.34 --c1-end=0.06 --c1-n-secs=196 --c2-start=0.39 --c2-end=0.2 --c2-n-secs=431 --n-epochs=65 --lr-critic=7.315462310749335E-4 --clipping=11.799185331865313 --batch-size=15 --seed=4 --disable-training-logs --memory-size=1015 --lr=0.0018103176507973232 --logdir=logs/ppo-tsp_all-15m-r3/tsp-eil101 --communication=unix-socket -i=/tmp/pipes/unix-socket-1822276720437915,======,94000127825.0,[],900.0,[]
ppo,examples/tsp/tsplib/rd100.tsp,r3,900,4,ppo --device=auto-gpu --c1-start=0.34 --c1-end=0.06 --c1-n-secs=196 --c2-start=0.39 --c2-end=0.2 --c2-n-secs=431 --n-epochs=65 --lr-critic=7.315462310749335E-4 --clipping=11.799185331865313 --batch-size=15 --seed=4 --disable-training-logs --memory-size=1015 --lr=0.0018103176507973232 --logdir=logs/ppo-tsp_all-15m-r3/tsp-rd100 --communication=unix-socket -i=/tmp/pipes/unix-socket-1822277432363598,======,96002448187.0,[],900.0,[]
ppo,examples/tsp/tsplib/eil51.tsp,r3,900,4,ppo --device=auto-gpu --c1-start=0.34 --c1-end=0.06 --c1-n-secs=196 --c2-start=0.39 --c2-end=0.2 --c2-n-secs=431 --n-epochs=65 --lr-critic=7.315462310749335E-4 --clipping=11.799185331865313 --batch-size=15 --seed=4 --disable-training-logs --memory-size=1015 --lr=0.0018103176507973232 --logdir=logs/ppo-tsp_all-15m-r3/tsp-eil51 --communication=unix-socket -i=/tmp/pipes/unix-socket-1822278410057969,======,45000113713.0,[],900.0,[]
ppo,examples/tsp/tsplib/kroC100.tsp,r3,900,4,ppo --device=auto-gpu --c1-start=0.34 --c1-end=0.06 --c1-n-secs=196 --c2-start=0.39 --c2-end=0.2 --c2-n-secs=431 --n-epochs=65 --lr-critic=7.315462310749335E-4 --clipping=11.799185331865313 --batch-size=15 --seed=4 --disable-training-logs --memory-size=1015 --lr=0.0018103176507973232 --logdir=logs/ppo-tsp_all-15m-r3/tsp-kroC100 --communication=unix-socket -i=/tmp/pipes/unix-socket-1822281294827703,======,96004736067.0,[],900.0,[]
ppo,examples/tsp/tsplib/eil76.tsp,r3,900,4,ppo --device=auto-gpu --c1-start=0.34 --c1-end=0.06 --c1-n-secs=196 --c2-start=0.39 --c2-end=0.2 --c2-n-secs=431 --n-epochs=65 --lr-critic=7.315462310749335E-4 --clipping=11.799185331865313 --batch-size=15 --seed=4 --disable-training-logs --memory-size=1015 --lr=0.0018103176507973232 --logdir=logs/ppo-tsp_all-15m-r3/tsp-eil76 --communication=unix-socket -i=/tmp/pipes/unix-socket-1822280520255851,======,58000249586.0,[],900.0,[]
ppo,examples/tsp/tsplib/gr24.tsp,r3,900,4,ppo --device=auto-gpu --c1-start=0.34 --c1-end=0.06 --c1-n-secs=196 --c2-start=0.39 --c2-end=0.2 --c2-n-secs=431 --n-epochs=65 --lr-critic=7.315462310749335E-4 --clipping=11.799185331865313 --batch-size=15 --seed=4 --disable-training-logs --memory-size=1015 --lr=0.0018103176507973232 --logdir=logs/ppo-tsp_all-15m-r3/tsp-gr24 --communication=unix-socket -i=/tmp/pipes/unix-socket-1822283133495377,======,20000702000.0,[],900.0,[]
ppo,examples/tsp/tsplib/rat575.tsp,r3,900,4,ppo --device=auto-gpu --c1-start=0.34 --c1-end=0.06 --c1-n-secs=196 --c2-start=0.39 --c2-end=0.2 --c2-n-secs=431 --n-epochs=65 --lr-critic=7.315462310749335E-4 --clipping=11.799185331865313 --batch-size=15 --seed=4 --disable-training-logs --memory-size=1015 --lr=0.0018103176507973232 --logdir=logs/ppo-tsp_all-15m-r3/tsp-rat575 --communication=unix-socket -i=/tmp/pipes/unix-socket-1822284867890586,======,571000077306.0,[],900.0,[]
ppo,examples/tsp/tsplib/rd400.tsp,r3,900,4,ppo --device=auto-gpu --c1-start=0.34 --c1-end=0.06 --c1-n-secs=196 --c2-start=0.39 --c2-end=0.2 --c2-n-secs=431 --n-epochs=65 --lr-critic=7.315462310749335E-4 --clipping=11.799185331865313 --batch-size=15 --seed=4 --disable-training-logs --memory-size=1015 --lr=0.0018103176507973232 --logdir=logs/ppo-tsp_all-15m-r3/tsp-rd400 --communication=unix-socket -i=/tmp/pipes/unix-socket-1822286710621596,======,396001185705.0,[],900.0,[]
ppo,examples/tsp/tsplib/kroD100.tsp,r3,900,4,ppo --device=auto-gpu --c1-start=0.34 --c1-end=0.06 --c1-n-secs=196 --c2-start=0.39 --c2-end=0.2 --c2-n-secs=431 --n-epochs=65 --lr-critic=7.315462310749335E-4 --clipping=11.799185331865313 --batch-size=15 --seed=4 --disable-training-logs --memory-size=1015 --lr=0.0018103176507973232 --logdir=logs/ppo-tsp_all-15m-r3/tsp-kroD100 --communication=unix-socket -i=/tmp/pipes/unix-socket-1822289216271482,======,94006079607.0,[],900.0,[]
ppo,examples/tsp/tsplib/att48.tsp,r3,900,4,ppo --device=auto-gpu --c1-start=0.34 --c1-end=0.06 --c1-n-secs=196 --c2-start=0.39 --c2-end=0.2 --c2-n-secs=431 --n-epochs=65 --lr-critic=7.315462310749335E-4 --clipping=11.799185331865313 --batch-size=15 --seed=4 --disable-training-logs --memory-size=1015 --lr=0.0018103176507973232 --logdir=logs/ppo-tsp_all-15m-r3/tsp-att48 --communication=unix-socket -i=/tmp/pipes/unix-socket-1822290994129550,======,42005715000.0,[],900.0,[]
ppo,examples/tsp/tsplib/dantzig42.tsp,r3,900,4,ppo --device=auto-gpu --c1-start=0.34 --c1-end=0.06 --c1-n-secs=196 --c2-start=0.39 --c2-end=0.2 --c2-n-secs=431 --n-epochs=65 --lr-critic=7.315462310749335E-4 --clipping=11.799185331865313 --batch-size=15 --seed=4 --disable-training-logs --memory-size=1015 --lr=0.0018103176507973232 --logdir=logs/ppo-tsp_all-15m-r3/tsp-dantzig42 --communication=unix-socket -i=/tmp/pipes/unix-socket-1822292237949998,======,38000099000.0,[],900.0,[]
ppo,examples/tsp/tsplib/pr439.tsp,r3,900,4,ppo --device=auto-gpu --c1-start=0.34 --c1-end=0.06 --c1-n-secs=196 --c2-start=0.39 --c2-end=0.2 --c2-n-secs=431 --n-epochs=65 --lr-critic=7.315462310749335E-4 --clipping=11.799185331865313 --batch-size=15 --seed=4 --disable-training-logs --memory-size=1015 --lr=0.0018103176507973232 --logdir=logs/ppo-tsp_all-15m-r3/tsp-pr439 --communication=unix-socket -i=/tmp/pipes/unix-socket-1822292966717499,======,433001240548.0,[],900.0,[]
ppo,examples/tsp/tsplib/fri26.tsp,r3,900,4,ppo --device=auto-gpu --c1-start=0.34 --c1-end=0.06 --c1-n-secs=196 --c2-start=0.39 --c2-end=0.2 --c2-n-secs=431 --n-epochs=65 --lr-critic=7.315462310749335E-4 --clipping=11.799185331865313 --batch-size=15 --seed=4 --disable-training-logs --memory-size=1015 --lr=0.0018103176507973232 --logdir=logs/ppo-tsp_all-15m-r3/tsp-fri26 --communication=unix-socket -i=/tmp/pipes/unix-socket-1822294182455204,======,20000291000.0,[],900.0,[]
ppo,examples/tsp/tsplib/kroB100.tsp,r3,900,4,ppo --device=auto-gpu --c1-start=0.34 --c1-end=0.06 --c1-n-secs=196 --c2-start=0.39 --c2-end=0.2 --c2-n-secs=431 --n-epochs=65 --lr-critic=7.315462310749335E-4 --clipping=11.799185331865313 --batch-size=15 --seed=4 --disable-training-logs --memory-size=1015 --lr=0.0018103176507973232 --logdir=logs/ppo-tsp_all-15m-r3/tsp-kroB100 --communication=unix-socket -i=/tmp/pipes/unix-socket-1822294628879670,======,93008505683.0,[],900.0,[]
ppo,examples/tsp/tsplib/gr120.tsp,r3,900,4,ppo --device=auto-gpu --c1-start=0.34 --c1-end=0.06 --c1-n-secs=196 --c2-start=0.39 --c2-end=0.2 --c2-n-secs=431 --n-epochs=65 --lr-critic=7.315462310749335E-4 --clipping=11.799185331865313 --batch-size=15 --seed=4 --disable-training-logs --memory-size=1015 --lr=0.0018103176507973232 --logdir=logs/ppo-tsp_all-15m-r3/tsp-gr120 --communication=unix-socket -i=/tmp/pipes/unix-socket-1822296579236412,======,114001406000.0,[],900.0,[]
ppo,examples/tsp/tsplib/bays29.tsp,r3,900,4,ppo --device=auto-gpu --c1-start=0.34 --c1-end=0.06 --c1-n-secs=196 --c2-start=0.39 --c2-end=0.2 --c2-n-secs=431 --n-epochs=65 --lr-critic=7.315462310749335E-4 --clipping=11.799185331865313 --batch-size=15 --seed=4 --disable-training-logs --memory-size=1015 --lr=0.0018103176507973232 --logdir=logs/ppo-tsp_all-15m-r3/tsp-bays29 --communication=unix-socket -i=/tmp/pipes/unix-socket-1822297580896138,======,23000869000.0,[],900.0,[]
ppo,examples/tsp/tsplib/gr24.tsp,r3,900,3,ppo --device=auto-gpu --c1-start=0.34 --c1-end=0.06 --c1-n-secs=196 --c2-start=0.39 --c2-end=0.2 --c2-n-secs=431 --n-epochs=65 --lr-critic=7.315462310749335E-4 --clipping=11.799185331865313 --batch-size=15 --seed=3 --disable-training-logs --memory-size=1015 --lr=0.0018103176507973232 --logdir=logs/ppo-tsp_all-15m-r3/tsp-gr24 --communication=unix-socket -i=/tmp/pipes/unix-socket-1822234886090956,======,1278000.0,[(t:1.106-step:72-v:2697.0)-(t:1.115-step:73-v:2582.0)-(t:1.135-step:74-v:2579.0)-(t:1.144-step:75-v:2463.0)-(t:1.311-step:90-v:2425.0)-(t:1.320-step:91-v:2415.0)-(t:1.339-step:92-v:2104.0)-(t:1.351-step:93-v:1966.0)-(t:1.365-step:94-v:1914.0)-(t:1.377-step:95-v:1862.0)-(t:1.395-step:96-v:1831.0)-(t:1.410-step:97-v:1800.0)-(t:1.426-step:98-v:1785.0)-(t:1.437-step:99-v:1767.0)-(t:3.303-step:289-v:1762.0)-(t:3.473-step:311-v:1734.0)-(t:3.480-step:312-v:1684.0)-(t:3.487-step:313-v:1613.0)-(t:3.495-step:314-v:1600.0)-(t:6.578-step:684-v:1577.0)-(t:6.587-step:685-v:1569.0)-(t:6.598-step:686-v:1567.0)-(t:6.604-step:687-v:1548.0)-(t:214.156-step:26280-v:1546.0)-(t:214.161-step:26281-v:1524.0)-(t:214.166-step:26282-v:1472.0)-(t:214.171-step:26283-v:1465.0)-(t:214.176-step:26284-v:1446.0)-(t:214.186-step:26285-v:1430.0)-(t:214.191-step:26286-v:1426.0)-(t:219.968-step:26997-v:1406.0)-(t:237.457-step:29688-v:1403.0)-(t:272.770-step:34580-v:1398.0)-(t:378.281-step:49268-v:1383.0)-(t:378.287-step:49269-v:1381.0)-(t:378.304-step:49270-v:1369.0)-(t:410.254-step:54129-v:1364.0)-(t:410.265-step:54130-v:1345.0)-(t:430.046-step:57266-v:1342.0)-(t:430.669-step:57394-v:1333.0)-(t:487.317-step:66082-v:1331.0)-(t:542.263-step:74225-v:1328.0)-(t:543.524-step:74467-v:1321.0)-(t:543.529-step:74468-v:1283.0)-(t:618.862-step:85897-v:1279.0)-(t:618.877-step:85898-v:1278.0)],64.991,[]
ppo,examples/tsp/tsplib/brazil58.tsp,r3,900,3,ppo --device=auto-gpu --c1-start=0.34 --c1-end=0.06 --c1-n-secs=196 --c2-start=0.39 --c2-end=0.2 --c2-n-secs=431 --n-epochs=65 --lr-critic=7.315462310749335E-4 --clipping=11.799185331865313 --batch-size=15 --seed=3 --disable-training-logs --memory-size=1015 --lr=0.0018103176507973232 --logdir=logs/ppo-tsp_all-15m-r3/tsp-brazil58 --communication=unix-socket -i=/tmp/pipes/unix-socket-1822220685352845,======,58269000.0,[(t:1.959-step:163-v:104213.0)-(t:2.723-step:223-v:102940.0)-(t:2.731-step:224-v:102891.0)-(t:3.019-step:253-v:102640.0)-(t:3.030-step:254-v:102133.0)-(t:3.040-step:255-v:101419.0)-(t:3.050-step:256-v:101385.0)-(t:3.060-step:257-v:101370.0)-(t:3.078-step:258-v:101143.0)-(t:3.088-step:259-v:99771.0)-(t:3.106-step:260-v:99399.0)-(t:3.117-step:261-v:99325.0)-(t:3.440-step:296-v:91215.0)-(t:3.456-step:297-v:91121.0)-(t:3.475-step:298-v:90510.0)-(t:3.503-step:299-v:90396.0)-(t:3.521-step:300-v:89835.0)-(t:3.538-step:301-v:89834.0)-(t:3.546-step:302-v:89670.0)-(t:3.562-step:303-v:89658.0)-(t:3.569-step:304-v:89414.0)-(t:7.553-step:720-v:89114.0)-(t:7.559-step:721-v:88064.0)-(t:7.792-step:752-v:84464.0)-(t:7.798-step:753-v:84273.0)-(t:7.804-step:754-v:83865.0)-(t:7.811-step:755-v:83833.0)-(t:7.823-step:756-v:83405.0)-(t:8.722-step:871-v:83285.0)-(t:451.507-step:64784-v:83104.0)-(t:480.788-step:69306-v:83042.0)-(t:480.793-step:69307-v:82572.0)-(t:480.798-step:69308-v:82367.0)-(t:480.803-step:69309-v:82328.0)-(t:480.813-step:69310-v:82057.0)-(t:480.818-step:69311-v:80961.0)-(t:481.334-step:69410-v:79730.0)-(t:481.340-step:69411-v:79676.0)-(t:481.345-step:69412-v:79113.0)-(t:481.361-step:69413-v:78695.0)-(t:481.492-step:69439-v:75901.0)-(t:481.497-step:69440-v:75870.0)-(t:490.580-step:70725-v:75775.0)-(t:490.592-step:70726-v:75730.0)-(t:493.002-step:71163-v:61600.0)-(t:493.007-step:71164-v:61587.0)-(t:493.012-step:71165-v:61492.0)-(t:493.019-step:71166-v:61490.0)-(t:493.030-step:71167-v:60205.0)-(t:493.036-step:71168-v:59995.0)-(t:493.047-step:71169-v:59721.0)-(t:879.450-step:131467-v:58269.0)],576.793,[]
ppo,examples/tsp/tsplib/pr107.tsp,r3,900,3,ppo --device=auto-gpu --c1-start=0.34 --c1-end=0.06 --c1-n-secs=196 --c2-start=0.39 --c2-end=0.2 --c2-n-secs=431 --n-epochs=65 --lr-critic=7.315462310749335E-4 --clipping=11.799185331865313 --batch-size=15 --seed=3 --disable-training-logs --memory-size=1015 --lr=0.0018103176507973232 --logdir=logs/ppo-tsp_all-15m-r3/tsp-pr107 --communication=unix-socket -i=/tmp/pipes/unix-socket-1822221168895197,======,62756964.0,[(t:3.397-step:314-v:190844.745)-(t:3.405-step:315-v:190629.258)-(t:3.415-step:316-v:190512.229)-(t:3.433-step:317-v:190510.614)-(t:3.441-step:318-v:190077.55)-(t:3.450-step:319-v:190067.424)-(t:5.117-step:467-v:141929.012)-(t:5.125-step:468-v:141747.34)-(t:5.133-step:469-v:141499.966)-(t:5.142-step:470-v:141382.969)-(t:5.167-step:471-v:131931.87)-(t:5.197-step:472-v:131852.597)-(t:7.508-step:753-v:108902.296)-(t:7.514-step:754-v:108900.745)-(t:7.585-step:755-v:108603.358)-(t:7.592-step:756-v:108320.157)-(t:14.421-step:1408-v:106293.658)-(t:14.438-step:1409-v:106176.501)-(t:28.455-step:2989-v:99140.009)-(t:28.461-step:2990-v:99066.586)-(t:28.467-step:2991-v:99057.56)-(t:31.691-step:3222-v:98721.791)-(t:31.705-step:3223-v:98643.945)-(t:32.914-step:3383-v:88390.524)-(t:32.923-step:3384-v:88277.306)-(t:32.932-step:3385-v:88240.275)-(t:32.949-step:3386-v:87922.568)-(t:34.356-step:3576-v:79270.492)-(t:34.362-step:3577-v:79215.91)-(t:34.385-step:3578-v:79085.853)-(t:40.700-step:4289-v:79070.134)-(t:40.715-step:4290-v:78684.676)-(t:48.290-step:5096-v:76998.273)-(t:70.165-step:7677-v:62756.964)],281.159,[]
ppo,examples/tsp/tsplib/kroB150.tsp,r3,900,3,ppo --device=auto-gpu --c1-start=0.34 --c1-end=0.06 --c1-n-secs=196 --c2-start=0.39 --c2-end=0.2 --c2-n-secs=431 --n-epochs=65 --lr-critic=7.315462310749335E-4 --clipping=11.799185331865313 --batch-size=15 --seed=3 --disable-training-logs --memory-size=1015 --lr=0.0018103176507973232 --logdir=logs/ppo-tsp_all-15m-r3/tsp-kroB150 --communication=unix-socket -i=/tmp/pipes/unix-socket-1822225566337474,======,169287019.0,[(t:4.928-step:442-v:180525.863)-(t:4.935-step:443-v:180343.967)-(t:4.942-step:444-v:179901.724)-(t:4.949-step:445-v:179638.372)-(t:4.957-step:446-v:179633.642)-(t:4.964-step:447-v:179351.103)-(t:9.903-step:944-v:170319.206)-(t:9.911-step:945-v:170152.673)-(t:9.926-step:946-v:170083.513)-(t:9.934-step:947-v:169885.311)-(t:9.943-step:948-v:169349.42)-(t:9.961-step:949-v:169287.019)],761.886,[]
ppo,examples/tsp/tsplib/eil51.tsp,r3,900,3,ppo --device=auto-gpu --c1-start=0.34 --c1-end=0.06 --c1-n-secs=196 --c2-start=0.39 --c2-end=0.2 --c2-n-secs=431 --n-epochs=65 --lr-critic=7.315462310749335E-4 --clipping=11.799185331865313 --batch-size=15 --seed=3 --disable-training-logs --memory-size=1015 --lr=0.0018103176507973232 --logdir=logs/ppo-tsp_all-15m-r3/tsp-eil51 --communication=unix-socket -i=/tmp/pipes/unix-socket-1822234359198515,======,739167.0,[(t:2.060-step:160-v:945.338)-(t:2.381-step:186-v:935.931)-(t:2.389-step:187-v:927.982)-(t:5.509-step:588-v:927.399)-(t:5.516-step:589-v:920.553)-(t:5.733-step:621-v:888.494)-(t:5.746-step:622-v:885.934)-(t:5.752-step:623-v:881.479)-(t:7.635-step:848-v:860.053)-(t:7.645-step:849-v:859.293)-(t:7.665-step:850-v:851.919)-(t:545.903-step:73202-v:827.48)-(t:545.908-step:73203-v:817.388)-(t:546.633-step:73345-v:787.41)-(t:546.638-step:73346-v:782.001)-(t:546.643-step:73347-v:777.762)-(t:549.200-step:73783-v:766.562)-(t:549.207-step:73784-v:764.772)-(t:549.212-step:73785-v:753.946)-(t:687.660-step:92944-v:739.167)],425.841,[]
ppo,examples/tsp/tsplib/eil76.tsp,r3,900,3,ppo --device=auto-gpu --c1-start=0.34 --c1-end=0.06 --c1-n-secs=196 --c2-start=0.39 --c2-end=0.2 --c2-n-secs=431 --n-epochs=65 --lr-critic=7.315462310749335E-4 --clipping=11.799185331865313 --batch-size=15 --seed=3 --disable-training-logs --memory-size=1015 --lr=0.0018103176507973232 --logdir=logs/ppo-tsp_all-15m-r3/tsp-eil76 --communication=unix-socket -i=/tmp/pipes/unix-socket-1822234445154130,======,1385710.0,[(t:2.565-step:212-v:1530.083)-(t:2.573-step:213-v:1510.482)-(t:4.799-step:480-v:1438.542)-(t:4.813-step:481-v:1425.729)-(t:4.826-step:482-v:1424.778)-(t:4.840-step:483-v:1419.484)-(t:4.854-step:484-v:1418.158)-(t:4.860-step:485-v:1412.885)-(t:4.866-step:486-v:1412.534)-(t:4.879-step:487-v:1410.557)-(t:4.886-step:488-v:1403.764)-(t:4.893-step:489-v:1399.172)-(t:4.900-step:490-v:1388.33)-(t:4.907-step:491-v:1387.757)-(t:4.915-step:492-v:1387.313)-(t:4.930-step:493-v:1385.71)],551.645,[]
ppo,examples/tsp/tsplib/rd400.tsp,r3,900,3,ppo --device=auto-gpu --c1-start=0.34 --c1-end=0.06 --c1-n-secs=196 --c2-start=0.39 --c2-end=0.2 --c2-n-secs=431 --n-epochs=65 --lr-critic=7.315462310749335E-4 --clipping=11.799185331865313 --batch-size=15 --seed=3 --disable-training-logs --memory-size=1015 --lr=0.0018103176507973232 --logdir=logs/ppo-tsp_all-15m-r3/tsp-rd400 --communication=unix-socket -i=/tmp/pipes/unix-socket-1822239300575276,======,146050538.0,[(t:17.101-step:1357-v:146777.325)-(t:17.108-step:1358-v:146718.015)-(t:17.115-step:1359-v:146707.733)-(t:17.135-step:1360-v:146363.331)-(t:17.143-step:1361-v:146139.414)-(t:17.150-step:1362-v:146057.863)-(t:17.158-step:1363-v:146050.538)],807.624,[]
ppo,examples/tsp/tsplib/dantzig42.tsp,r3,900,3,ppo --device=auto-gpu --c1-start=0.34 --c1-end=0.06 --c1-n-secs=196 --c2-start=0.39 --c2-end=0.2 --c2-n-secs=431 --n-epochs=65 --lr-critic=7.315462310749335E-4 --clipping=11.799185331865313 --batch-size=15 --seed=3 --disable-training-logs --memory-size=1015 --lr=0.0018103176507973232 --logdir=logs/ppo-tsp_all-15m-r3/tsp-dantzig42 --communication=unix-socket -i=/tmp/pipes/unix-socket-1822242840835972,======,699000.0,[(t:1.849-step:158-v:1417.0)-(t:1.865-step:159-v:1408.0)-(t:3.261-step:286-v:1170.0)-(t:3.274-step:287-v:1167.0)-(t:3.284-step:288-v:1163.0)-(t:3.294-step:289-v:1162.0)-(t:3.304-step:290-v:1160.0)-(t:3.323-step:291-v:1149.0)-(t:3.333-step:292-v:1139.0)-(t:3.341-step:293-v:1130.0)-(t:5.723-step:575-v:971.0)-(t:5.733-step:576-v:969.0)-(t:8.574-step:905-v:960.0)-(t:21.008-step:2025-v:929.0)-(t:21.024-step:2026-v:870.0)-(t:23.431-step:2359-v:851.0)-(t:24.481-step:2490-v:848.0)-(t:30.091-step:3015-v:840.0)-(t:30.104-step:3016-v:830.0)-(t:32.117-step:3261-v:812.0)-(t:32.127-step:3262-v:806.0)-(t:32.133-step:3263-v:797.0)-(t:33.749-step:3479-v:768.0)-(t:33.757-step:3480-v:764.0)-(t:33.763-step:3481-v:759.0)-(t:33.777-step:3482-v:758.0)-(t:33.783-step:3483-v:741.0)-(t:40.148-step:4036-v:737.0)-(t:58.530-step:6190-v:700.0)-(t:60.527-step:6515-v:699.0)],11.161,[]
ppo,examples/tsp/tsplib/gr120.tsp,r3,900,3,ppo --device=auto-gpu --c1-start=0.34 --c1-end=0.06 --c1-n-secs=196 --c2-start=0.39 --c2-end=0.2 --c2-n-secs=431 --n-epochs=65 --lr-critic=7.315462310749335E-4 --clipping=11.799185331865313 --batch-size=15 --seed=3 --disable-training-logs --memory-size=1015 --lr=0.0018103176507973232 --logdir=logs/ppo-tsp_all-15m-r3/tsp-gr120 --communication=unix-socket -i=/tmp/pipes/unix-socket-1822246345556709,======,34316000.0,[(t:3.549-step:353-v:34316.0)],718.651,[]
