instance,bandit,timeout,unroutedNodes,nVehicles,travelLength,objective,integralPrimalGap,solOverTime
/gpfs/home/acad/ulb-qsec/yanneke/LearningForOptimizing/examples/pdptw/pdptw_200/LC1_2_2.txt,dqn,300,,,,,,
/gpfs/home/acad/ulb-qsec/yanneke/LearningForOptimizing/examples/pdptw/pdptw_400/LC1_4_5.txt,dqn,300,,,,,,
/gpfs/home/acad/ulb-qsec/yanneke/LearningForOptimizing/examples/pdptw/pdptw_400/LC1_4_3.txt,dqn,300,,,,,,
/gpfs/home/acad/ulb-qsec/yanneke/LearningForOptimizing/examples/pdptw/pdptw_400/LC1_4_2.txt,dqn,300,,,,,,
/gpfs/home/acad/ulb-qsec/yanneke/LearningForOptimizing/examples/pdptw/pdptw_200/LC1_2_4.txt,dqn,300,,,,,,
/gpfs/home/acad/ulb-qsec/yanneke/LearningForOptimizing/examples/pdptw/pdptw_200/LC1_2_3.txt,dqn,300,,,,,,
/gpfs/home/acad/ulb-qsec/yanneke/LearningForOptimizing/examples/pdptw/pdptw_200/LC1_2_1.txt,dqn,300,,,,,,
/gpfs/home/acad/ulb-qsec/yanneke/LearningForOptimizing/examples/pdptw/pdptw_400/LC1_4_1.txt,dqn,300,,,,,,
/gpfs/home/acad/ulb-qsec/yanneke/LearningForOptimizing/examples/pdptw/pdptw_200/LC1_2_5.txt,dqn,300,,,,,,
/gpfs/home/acad/ulb-qsec/yanneke/LearningForOptimizing/examples/pdptw/pdptw_400/LC1_4_4.txt,dqn,300,,,,,,
/gpfs/home/acad/ulb-qsec/yanneke/LearningForOptimizing/examples/pdptw/pdptw_600/LC1_6_1.txt,dqn,300,,,,,,
/gpfs/home/acad/ulb-qsec/yanneke/LearningForOptimizing/examples/pdptw/pdptw_600/LC1_6_2.txt,dqn,300,,,,,,
/gpfs/home/acad/ulb-qsec/yanneke/LearningForOptimizing/examples/pdptw/pdptw_600/LC1_6_4.txt,dqn,300,,,,,,
/gpfs/home/acad/ulb-qsec/yanneke/LearningForOptimizing/examples/pdptw/pdptw_100/lc101.txt,dqn,300,,,,,,
/gpfs/home/acad/ulb-qsec/yanneke/LearningForOptimizing/examples/pdptw/pdptw_100/lc102.txt,dqn,300,,,,,,
/gpfs/home/acad/ulb-qsec/yanneke/LearningForOptimizing/examples/pdptw/pdptw_100/lc103.txt,dqn,300,,,,,,
/gpfs/home/acad/ulb-qsec/yanneke/LearningForOptimizing/examples/pdptw/pdptw_100/lc104.txt,dqn,300,,,,,,
/gpfs/home/acad/ulb-qsec/yanneke/LearningForOptimizing/examples/pdptw/pdptw_600/LC1_6_3.txt,dqn,300,,,,,,
/gpfs/home/acad/ulb-qsec/yanneke/LearningForOptimizing/examples/pdptw/pdptw_600/LC1_6_5.txt,dqn,300,,,,,,
/gpfs/home/acad/ulb-qsec/yanneke/LearningForOptimizing/examples/pdptw/pdptw_100/lc105.txt,dqn,300,,,,,,
/gpfs/home/acad/ulb-qsec/yanneke/LearningForOptimizing/examples/pdptw/pdptw_200/LC1_2_3.txt,dqn,300,,,,,,
/gpfs/home/acad/ulb-qsec/yanneke/LearningForOptimizing/examples/pdptw/pdptw_200/LC1_2_2.txt,dqn,300,,,,,,
/gpfs/home/acad/ulb-qsec/yanneke/LearningForOptimizing/examples/pdptw/pdptw_200/LC1_2_4.txt,dqn,300,,,,,,
/gpfs/home/acad/ulb-qsec/yanneke/LearningForOptimizing/examples/pdptw/pdptw_200/LC1_2_5.txt,dqn,300,,,,,,
/gpfs/home/acad/ulb-qsec/yanneke/LearningForOptimizing/examples/pdptw/pdptw_200/LC1_2_1.txt,dqn,300,,,,,,
/gpfs/home/acad/ulb-qsec/yanneke/LearningForOptimizing/examples/pdptw/pdptw_400/LC1_4_1.txt,dqn,300,,,,,,
/gpfs/home/acad/ulb-qsec/yanneke/LearningForOptimizing/examples/pdptw/pdptw_400/LC1_4_2.txt,dqn,300,,,,,,
/gpfs/home/acad/ulb-qsec/yanneke/LearningForOptimizing/examples/pdptw/pdptw_400/LC1_4_4.txt,dqn,300,,,,,,
/gpfs/home/acad/ulb-qsec/yanneke/LearningForOptimizing/examples/pdptw/pdptw_400/LC1_4_5.txt,dqn,300,,,,,,
/gpfs/home/acad/ulb-qsec/yanneke/LearningForOptimizing/examples/pdptw/pdptw_400/LC1_4_3.txt,dqn,300,,,,,,
/gpfs/home/acad/ulb-qsec/yanneke/LearningForOptimizing/examples/pdptw/pdptw_600/LC1_6_2.txt,dqn,300,,,,,,
/gpfs/home/acad/ulb-qsec/yanneke/LearningForOptimizing/examples/pdptw/pdptw_600/LC1_6_1.txt,dqn,300,,,,,,
/gpfs/home/acad/ulb-qsec/yanneke/LearningForOptimizing/examples/pdptw/pdptw_600/LC1_6_3.txt,dqn,300,,,,,,
/gpfs/home/acad/ulb-qsec/yanneke/LearningForOptimizing/examples/pdptw/pdptw_100/lc101.txt,dqn,300,,,,,,
/gpfs/home/acad/ulb-qsec/yanneke/LearningForOptimizing/examples/pdptw/pdptw_600/LC1_6_5.txt,dqn,300,,,,,,
/gpfs/home/acad/ulb-qsec/yanneke/LearningForOptimizing/examples/pdptw/pdptw_600/LC1_6_4.txt,dqn,300,,,,,,
/gpfs/home/acad/ulb-qsec/yanneke/LearningForOptimizing/examples/pdptw/pdptw_100/lc103.txt,dqn,300,,,,,,
/gpfs/home/acad/ulb-qsec/yanneke/LearningForOptimizing/examples/pdptw/pdptw_100/lc104.txt,dqn,300,,,,,,
/gpfs/home/acad/ulb-qsec/yanneke/LearningForOptimizing/examples/pdptw/pdptw_100/lc102.txt,dqn,300,,,,,,
/gpfs/home/acad/ulb-qsec/yanneke/LearningForOptimizing/examples/pdptw/pdptw_200/LC1_2_1.txt,dqn,300,,,,,,
/gpfs/home/acad/ulb-qsec/yanneke/LearningForOptimizing/examples/pdptw/pdptw_100/lc105.txt,dqn,300,,,,,,
/gpfs/home/acad/ulb-qsec/yanneke/LearningForOptimizing/examples/pdptw/pdptw_200/LC1_2_2.txt,dqn,300,,,,,,
/gpfs/home/acad/ulb-qsec/yanneke/LearningForOptimizing/examples/pdptw/pdptw_200/LC1_2_3.txt,dqn,300,,,,,,
/gpfs/home/acad/ulb-qsec/yanneke/LearningForOptimizing/examples/pdptw/pdptw_200/LC1_2_5.txt,dqn,300,,,,,,
/gpfs/home/acad/ulb-qsec/yanneke/LearningForOptimizing/examples/pdptw/pdptw_200/LC1_2_4.txt,dqn,300,,,,,,
/gpfs/home/acad/ulb-qsec/yanneke/LearningForOptimizing/examples/pdptw/pdptw_400/LC1_4_1.txt,dqn,300,,,,,,
/gpfs/home/acad/ulb-qsec/yanneke/LearningForOptimizing/examples/pdptw/pdptw_400/LC1_4_2.txt,dqn,300,,,,,,
/gpfs/home/acad/ulb-qsec/yanneke/LearningForOptimizing/examples/pdptw/pdptw_400/LC1_4_4.txt,dqn,300,,,,,,
/gpfs/home/acad/ulb-qsec/yanneke/LearningForOptimizing/examples/pdptw/pdptw_400/LC1_4_3.txt,dqn,300,,,,,,
/gpfs/home/acad/ulb-qsec/yanneke/LearningForOptimizing/examples/pdptw/pdptw_400/LC1_4_5.txt,dqn,300,,,,,,
/gpfs/home/acad/ulb-qsec/yanneke/LearningForOptimizing/examples/pdptw/pdptw_600/LC1_6_1.txt,dqn,300,,,,,,
/gpfs/home/acad/ulb-qsec/yanneke/LearningForOptimizing/examples/pdptw/pdptw_600/LC1_6_3.txt,dqn,300,,,,,,
/gpfs/home/acad/ulb-qsec/yanneke/LearningForOptimizing/examples/pdptw/pdptw_600/LC1_6_2.txt,dqn,300,,,,,,
/gpfs/home/acad/ulb-qsec/yanneke/LearningForOptimizing/examples/pdptw/pdptw_600/LC1_6_4.txt,dqn,300,,,,,,
/gpfs/home/acad/ulb-qsec/yanneke/LearningForOptimizing/examples/pdptw/pdptw_100/lc102.txt,dqn,300,,,,,,
/gpfs/home/acad/ulb-qsec/yanneke/LearningForOptimizing/examples/pdptw/pdptw_600/LC1_6_5.txt,dqn,300,,,,,,
/gpfs/home/acad/ulb-qsec/yanneke/LearningForOptimizing/examples/pdptw/pdptw_100/lc104.txt,dqn,300,,,,,,
/gpfs/home/acad/ulb-qsec/yanneke/LearningForOptimizing/examples/pdptw/pdptw_100/lc105.txt,dqn,300,,,,,,
/gpfs/home/acad/ulb-qsec/yanneke/LearningForOptimizing/examples/pdptw/pdptw_100/lc101.txt,dqn,300,,,,,,
/gpfs/home/acad/ulb-qsec/yanneke/LearningForOptimizing/examples/pdptw/pdptw_200/LC1_2_1.txt,dqn,300,,,,,,
/gpfs/home/acad/ulb-qsec/yanneke/LearningForOptimizing/examples/pdptw/pdptw_200/LC1_2_2.txt,dqn,300,,,,,,
/gpfs/home/acad/ulb-qsec/yanneke/LearningForOptimizing/examples/pdptw/pdptw_200/LC1_2_4.txt,dqn,300,,,,,,
/gpfs/home/acad/ulb-qsec/yanneke/LearningForOptimizing/examples/pdptw/pdptw_100/lc103.txt,dqn,300,,,,,,
/gpfs/home/acad/ulb-qsec/yanneke/LearningForOptimizing/examples/pdptw/pdptw_200/LC1_2_5.txt,dqn,300,,,,,,
/gpfs/home/acad/ulb-qsec/yanneke/LearningForOptimizing/examples/pdptw/pdptw_200/LC1_2_3.txt,dqn,300,,,,,,
/gpfs/home/acad/ulb-qsec/yanneke/LearningForOptimizing/examples/pdptw/pdptw_400/LC1_4_1.txt,dqn,300,,,,,,
/gpfs/home/acad/ulb-qsec/yanneke/LearningForOptimizing/examples/pdptw/pdptw_400/LC1_4_2.txt,dqn,300,,,,,,
/gpfs/home/acad/ulb-qsec/yanneke/LearningForOptimizing/examples/pdptw/pdptw_400/LC1_4_4.txt,dqn,300,,,,,,
/gpfs/home/acad/ulb-qsec/yanneke/LearningForOptimizing/examples/pdptw/pdptw_400/LC1_4_3.txt,dqn,300,,,,,,
/gpfs/home/acad/ulb-qsec/yanneke/LearningForOptimizing/examples/pdptw/pdptw_400/LC1_4_5.txt,dqn,300,,,,,,
/gpfs/home/acad/ulb-qsec/yanneke/LearningForOptimizing/examples/pdptw/pdptw_600/LC1_6_1.txt,dqn,300,,,,,,
/gpfs/home/acad/ulb-qsec/yanneke/LearningForOptimizing/examples/pdptw/pdptw_600/LC1_6_3.txt,dqn,300,,,,,,
/gpfs/home/acad/ulb-qsec/yanneke/LearningForOptimizing/examples/pdptw/pdptw_600/LC1_6_2.txt,dqn,300,,,,,,
/gpfs/home/acad/ulb-qsec/yanneke/LearningForOptimizing/examples/pdptw/pdptw_100/lc101.txt,dqn,300,,,,,,
/gpfs/home/acad/ulb-qsec/yanneke/LearningForOptimizing/examples/pdptw/pdptw_600/LC1_6_4.txt,dqn,300,,,,,,
/gpfs/home/acad/ulb-qsec/yanneke/LearningForOptimizing/examples/pdptw/pdptw_100/lc102.txt,dqn,300,,,,,,
/gpfs/home/acad/ulb-qsec/yanneke/LearningForOptimizing/examples/pdptw/pdptw_600/LC1_6_5.txt,dqn,300,,,,,,
/gpfs/home/acad/ulb-qsec/yanneke/LearningForOptimizing/examples/pdptw/pdptw_100/lc105.txt,dqn,300,,,,,,
/gpfs/home/acad/ulb-qsec/yanneke/LearningForOptimizing/examples/pdptw/pdptw_100/lc103.txt,dqn,300,,,,,,
/gpfs/home/acad/ulb-qsec/yanneke/LearningForOptimizing/examples/pdptw/pdptw_200/LC1_2_1.txt,dqn,300,,,,,,
/gpfs/home/acad/ulb-qsec/yanneke/LearningForOptimizing/examples/pdptw/pdptw_100/lc104.txt,dqn,300,,,,,,
/gpfs/home/acad/ulb-qsec/yanneke/LearningForOptimizing/examples/pdptw/pdptw_200/LC1_2_2.txt,dqn,300,,,,,,
/gpfs/home/acad/ulb-qsec/yanneke/LearningForOptimizing/examples/pdptw/pdptw_200/LC1_2_3.txt,dqn,300,,,,,,
/gpfs/home/acad/ulb-qsec/yanneke/LearningForOptimizing/examples/pdptw/pdptw_200/LC1_2_5.txt,dqn,300,,,,,,
/gpfs/home/acad/ulb-qsec/yanneke/LearningForOptimizing/examples/pdptw/pdptw_400/LC1_4_1.txt,dqn,300,,,,,,
/gpfs/home/acad/ulb-qsec/yanneke/LearningForOptimizing/examples/pdptw/pdptw_200/LC1_2_4.txt,dqn,300,,,,,,
/gpfs/home/acad/ulb-qsec/yanneke/LearningForOptimizing/examples/pdptw/pdptw_400/LC1_4_2.txt,dqn,300,,,,,,
/gpfs/home/acad/ulb-qsec/yanneke/LearningForOptimizing/examples/pdptw/pdptw_400/LC1_4_3.txt,dqn,300,,,,,,
/gpfs/home/acad/ulb-qsec/yanneke/LearningForOptimizing/examples/pdptw/pdptw_400/LC1_4_4.txt,dqn,300,,,,,,
/gpfs/home/acad/ulb-qsec/yanneke/LearningForOptimizing/examples/pdptw/pdptw_600/LC1_6_1.txt,dqn,300,,,,,,
/gpfs/home/acad/ulb-qsec/yanneke/LearningForOptimizing/examples/pdptw/pdptw_400/LC1_4_5.txt,dqn,300,,,,,,
/gpfs/home/acad/ulb-qsec/yanneke/LearningForOptimizing/examples/pdptw/pdptw_600/LC1_6_3.txt,dqn,300,,,,,,
/gpfs/home/acad/ulb-qsec/yanneke/LearningForOptimizing/examples/pdptw/pdptw_600/LC1_6_4.txt,dqn,300,,,,,,
/gpfs/home/acad/ulb-qsec/yanneke/LearningForOptimizing/examples/pdptw/pdptw_600/LC1_6_2.txt,dqn,300,,,,,,
/gpfs/home/acad/ulb-qsec/yanneke/LearningForOptimizing/examples/pdptw/pdptw_100/lc102.txt,dqn,300,,,,,,
/gpfs/home/acad/ulb-qsec/yanneke/LearningForOptimizing/examples/pdptw/pdptw_600/LC1_6_5.txt,dqn,300,,,,,,
/gpfs/home/acad/ulb-qsec/yanneke/LearningForOptimizing/examples/pdptw/pdptw_100/lc103.txt,dqn,300,,,,,,
/gpfs/home/acad/ulb-qsec/yanneke/LearningForOptimizing/examples/pdptw/pdptw_100/lc104.txt,dqn,300,,,,,,
/gpfs/home/acad/ulb-qsec/yanneke/LearningForOptimizing/examples/pdptw/pdptw_100/lc105.txt,dqn,300,,,,,,
/gpfs/home/acad/ulb-qsec/yanneke/LearningForOptimizing/examples/pdptw/pdptw_200/LC1_2_1.txt,dqn,300,,,,,,
/gpfs/home/acad/ulb-qsec/yanneke/LearningForOptimizing/examples/pdptw/pdptw_200/LC1_2_2.txt,dqn,300,,,,,,
/gpfs/home/acad/ulb-qsec/yanneke/LearningForOptimizing/examples/pdptw/pdptw_200/LC1_2_3.txt,dqn,300,,,,,,
/gpfs/home/acad/ulb-qsec/yanneke/LearningForOptimizing/examples/pdptw/pdptw_200/LC1_2_5.txt,dqn,300,,,,,,
/gpfs/home/acad/ulb-qsec/yanneke/LearningForOptimizing/examples/pdptw/pdptw_200/LC1_2_4.txt,dqn,300,,,,,,
/gpfs/home/acad/ulb-qsec/yanneke/LearningForOptimizing/examples/pdptw/pdptw_100/lc101.txt,dqn,300,,,,,,
/gpfs/home/acad/ulb-qsec/yanneke/LearningForOptimizing/examples/pdptw/pdptw_400/LC1_4_1.txt,dqn,300,,,,,,
/gpfs/home/acad/ulb-qsec/yanneke/LearningForOptimizing/examples/pdptw/pdptw_400/LC1_4_3.txt,dqn,300,,,,,,
/gpfs/home/acad/ulb-qsec/yanneke/LearningForOptimizing/examples/pdptw/pdptw_400/LC1_4_2.txt,dqn,300,,,,,,
/gpfs/home/acad/ulb-qsec/yanneke/LearningForOptimizing/examples/pdptw/pdptw_400/LC1_4_5.txt,dqn,300,,,,,,
/gpfs/home/acad/ulb-qsec/yanneke/LearningForOptimizing/examples/pdptw/pdptw_400/LC1_4_4.txt,dqn,300,,,,,,
/gpfs/home/acad/ulb-qsec/yanneke/LearningForOptimizing/examples/pdptw/pdptw_600/LC1_6_1.txt,dqn,300,,,,,,
/gpfs/home/acad/ulb-qsec/yanneke/LearningForOptimizing/examples/pdptw/pdptw_600/LC1_6_2.txt,dqn,300,,,,,,
/gpfs/home/acad/ulb-qsec/yanneke/LearningForOptimizing/examples/pdptw/pdptw_600/LC1_6_3.txt,dqn,300,,,,,,
/gpfs/home/acad/ulb-qsec/yanneke/LearningForOptimizing/examples/pdptw/pdptw_100/lc101.txt,dqn,300,,,,,,
/gpfs/home/acad/ulb-qsec/yanneke/LearningForOptimizing/examples/pdptw/pdptw_100/lc102.txt,dqn,300,,,,,,
/gpfs/home/acad/ulb-qsec/yanneke/LearningForOptimizing/examples/pdptw/pdptw_600/LC1_6_5.txt,dqn,300,,,,,,
/gpfs/home/acad/ulb-qsec/yanneke/LearningForOptimizing/examples/pdptw/pdptw_600/LC1_6_4.txt,dqn,300,,,,,,
/gpfs/home/acad/ulb-qsec/yanneke/LearningForOptimizing/examples/pdptw/pdptw_100/lc104.txt,dqn,300,,,,,,
/gpfs/home/acad/ulb-qsec/yanneke/LearningForOptimizing/examples/pdptw/pdptw_200/LC1_2_1.txt,dqn,300,,,,,,
/gpfs/home/acad/ulb-qsec/yanneke/LearningForOptimizing/examples/pdptw/pdptw_200/LC1_2_2.txt,dqn,300,,,,,,
/gpfs/home/acad/ulb-qsec/yanneke/LearningForOptimizing/examples/pdptw/pdptw_100/lc103.txt,dqn,300,,,,,,
/gpfs/home/acad/ulb-qsec/yanneke/LearningForOptimizing/examples/pdptw/pdptw_200/LC1_2_3.txt,dqn,300,,,,,,
/gpfs/home/acad/ulb-qsec/yanneke/LearningForOptimizing/examples/pdptw/pdptw_200/LC1_2_4.txt,dqn,300,,,,,,
/gpfs/home/acad/ulb-qsec/yanneke/LearningForOptimizing/examples/pdptw/pdptw_200/LC1_2_5.txt,dqn,300,,,,,,
/gpfs/home/acad/ulb-qsec/yanneke/LearningForOptimizing/examples/pdptw/pdptw_400/LC1_4_1.txt,dqn,300,,,,,,
/gpfs/home/acad/ulb-qsec/yanneke/LearningForOptimizing/examples/pdptw/pdptw_400/LC1_4_2.txt,dqn,300,,,,,,
/gpfs/home/acad/ulb-qsec/yanneke/LearningForOptimizing/examples/pdptw/pdptw_100/lc105.txt,dqn,300,,,,,,
/gpfs/home/acad/ulb-qsec/yanneke/LearningForOptimizing/examples/pdptw/pdptw_400/LC1_4_3.txt,dqn,300,,,,,,
/gpfs/home/acad/ulb-qsec/yanneke/LearningForOptimizing/examples/pdptw/pdptw_400/LC1_4_4.txt,dqn,300,,,,,,
/gpfs/home/acad/ulb-qsec/yanneke/LearningForOptimizing/examples/pdptw/pdptw_400/LC1_4_5.txt,dqn,300,,,,,,
/gpfs/home/acad/ulb-qsec/yanneke/LearningForOptimizing/examples/pdptw/pdptw_600/LC1_6_2.txt,dqn,300,,,,,,
/gpfs/home/acad/ulb-qsec/yanneke/LearningForOptimizing/examples/pdptw/pdptw_600/LC1_6_4.txt,dqn,300,,,,,,
/gpfs/home/acad/ulb-qsec/yanneke/LearningForOptimizing/examples/pdptw/pdptw_100/lc101.txt,dqn,300,,,,,,
/gpfs/home/acad/ulb-qsec/yanneke/LearningForOptimizing/examples/pdptw/pdptw_600/LC1_6_3.txt,dqn,300,,,,,,
/gpfs/home/acad/ulb-qsec/yanneke/LearningForOptimizing/examples/pdptw/pdptw_600/LC1_6_5.txt,dqn,300,,,,,,
/gpfs/home/acad/ulb-qsec/yanneke/LearningForOptimizing/examples/pdptw/pdptw_600/LC1_6_1.txt,dqn,300,,,,,,
/gpfs/home/acad/ulb-qsec/yanneke/LearningForOptimizing/examples/pdptw/pdptw_100/lc105.txt,dqn,300,,,,,,
/gpfs/home/acad/ulb-qsec/yanneke/LearningForOptimizing/examples/pdptw/pdptw_100/lc103.txt,dqn,300,,,,,,
/gpfs/home/acad/ulb-qsec/yanneke/LearningForOptimizing/examples/pdptw/pdptw_200/LC1_2_1.txt,dqn,300,,,,,,
/gpfs/home/acad/ulb-qsec/yanneke/LearningForOptimizing/examples/pdptw/pdptw_100/lc104.txt,dqn,300,,,,,,
/gpfs/home/acad/ulb-qsec/yanneke/LearningForOptimizing/examples/pdptw/pdptw_200/LC1_2_2.txt,dqn,300,,,,,,
/gpfs/home/acad/ulb-qsec/yanneke/LearningForOptimizing/examples/pdptw/pdptw_200/LC1_2_3.txt,dqn,300,,,,,,
/gpfs/home/acad/ulb-qsec/yanneke/LearningForOptimizing/examples/pdptw/pdptw_200/LC1_2_4.txt,dqn,300,,,,,,
/gpfs/home/acad/ulb-qsec/yanneke/LearningForOptimizing/examples/pdptw/pdptw_200/LC1_2_5.txt,dqn,300,,,,,,
/gpfs/home/acad/ulb-qsec/yanneke/LearningForOptimizing/examples/pdptw/pdptw_100/lc102.txt,dqn,300,,,,,,
/gpfs/home/acad/ulb-qsec/yanneke/LearningForOptimizing/examples/pdptw/pdptw_400/LC1_4_1.txt,dqn,300,,,,,,
/gpfs/home/acad/ulb-qsec/yanneke/LearningForOptimizing/examples/pdptw/pdptw_400/LC1_4_3.txt,dqn,300,,,,,,
/gpfs/home/acad/ulb-qsec/yanneke/LearningForOptimizing/examples/pdptw/pdptw_400/LC1_4_2.txt,dqn,300,,,,,,
/gpfs/home/acad/ulb-qsec/yanneke/LearningForOptimizing/examples/pdptw/pdptw_400/LC1_4_4.txt,dqn,300,,,,,,
/gpfs/home/acad/ulb-qsec/yanneke/LearningForOptimizing/examples/pdptw/pdptw_400/LC1_4_5.txt,dqn,300,,,,,,
/gpfs/home/acad/ulb-qsec/yanneke/LearningForOptimizing/examples/pdptw/pdptw_600/LC1_6_1.txt,dqn,300,,,,,,
/gpfs/home/acad/ulb-qsec/yanneke/LearningForOptimizing/examples/pdptw/pdptw_600/LC1_6_2.txt,dqn,300,,,,,,
/gpfs/home/acad/ulb-qsec/yanneke/LearningForOptimizing/examples/pdptw/pdptw_600/LC1_6_4.txt,dqn,300,,,,,,
/gpfs/home/acad/ulb-qsec/yanneke/LearningForOptimizing/examples/pdptw/pdptw_100/lc101.txt,dqn,300,,,,,,
/gpfs/home/acad/ulb-qsec/yanneke/LearningForOptimizing/examples/pdptw/pdptw_600/LC1_6_3.txt,dqn,300,,,,,,
/gpfs/home/acad/ulb-qsec/yanneke/LearningForOptimizing/examples/pdptw/pdptw_100/lc103.txt,dqn,300,,,,,,
/gpfs/home/acad/ulb-qsec/yanneke/LearningForOptimizing/examples/pdptw/pdptw_600/LC1_6_5.txt,dqn,300,,,,,,
/gpfs/home/acad/ulb-qsec/yanneke/LearningForOptimizing/examples/pdptw/pdptw_100/lc104.txt,dqn,300,,,,,,
/gpfs/home/acad/ulb-qsec/yanneke/LearningForOptimizing/examples/pdptw/pdptw_100/lc105.txt,dqn,300,,,,,,
/gpfs/home/acad/ulb-qsec/yanneke/LearningForOptimizing/examples/pdptw/pdptw_200/LC1_2_1.txt,dqn,300,,,,,,
/gpfs/home/acad/ulb-qsec/yanneke/LearningForOptimizing/examples/pdptw/pdptw_200/LC1_2_2.txt,dqn,300,,,,,,
/gpfs/home/acad/ulb-qsec/yanneke/LearningForOptimizing/examples/pdptw/pdptw_100/lc102.txt,dqn,300,,,,,,
/gpfs/home/acad/ulb-qsec/yanneke/LearningForOptimizing/examples/pdptw/pdptw_200/LC1_2_3.txt,dqn,300,,,,,,
/gpfs/home/acad/ulb-qsec/yanneke/LearningForOptimizing/examples/pdptw/pdptw_200/LC1_2_5.txt,dqn,300,,,,,,
/gpfs/home/acad/ulb-qsec/yanneke/LearningForOptimizing/examples/pdptw/pdptw_200/LC1_2_4.txt,dqn,300,,,,,,
/gpfs/home/acad/ulb-qsec/yanneke/LearningForOptimizing/examples/pdptw/pdptw_400/LC1_4_2.txt,dqn,300,,,,,,
/gpfs/home/acad/ulb-qsec/yanneke/LearningForOptimizing/examples/pdptw/pdptw_400/LC1_4_1.txt,dqn,300,,,,,,
/gpfs/home/acad/ulb-qsec/yanneke/LearningForOptimizing/examples/pdptw/pdptw_400/LC1_4_3.txt,dqn,300,,,,,,
/gpfs/home/acad/ulb-qsec/yanneke/LearningForOptimizing/examples/pdptw/pdptw_400/LC1_4_5.txt,dqn,300,,,,,,
/gpfs/home/acad/ulb-qsec/yanneke/LearningForOptimizing/examples/pdptw/pdptw_400/LC1_4_4.txt,dqn,300,,,,,,
/gpfs/home/acad/ulb-qsec/yanneke/LearningForOptimizing/examples/pdptw/pdptw_600/LC1_6_1.txt,dqn,300,,,,,,
/gpfs/home/acad/ulb-qsec/yanneke/LearningForOptimizing/examples/pdptw/pdptw_600/LC1_6_3.txt,dqn,300,,,,,,
/gpfs/home/acad/ulb-qsec/yanneke/LearningForOptimizing/examples/pdptw/pdptw_600/LC1_6_2.txt,dqn,300,,,,,,
/gpfs/home/acad/ulb-qsec/yanneke/LearningForOptimizing/examples/pdptw/pdptw_100/lc101.txt,dqn,300,,,,,,
/gpfs/home/acad/ulb-qsec/yanneke/LearningForOptimizing/examples/pdptw/pdptw_100/lc102.txt,dqn,300,,,,,,
/gpfs/home/acad/ulb-qsec/yanneke/LearningForOptimizing/examples/pdptw/pdptw_100/lc103.txt,dqn,300,,,,,,
/gpfs/home/acad/ulb-qsec/yanneke/LearningForOptimizing/examples/pdptw/pdptw_600/LC1_6_5.txt,dqn,300,,,,,,
/gpfs/home/acad/ulb-qsec/yanneke/LearningForOptimizing/examples/pdptw/pdptw_100/lc104.txt,dqn,300,,,,,,
/gpfs/home/acad/ulb-qsec/yanneke/LearningForOptimizing/examples/pdptw/pdptw_100/lc105.txt,dqn,300,,,,,,
/gpfs/home/acad/ulb-qsec/yanneke/LearningForOptimizing/examples/pdptw/pdptw_200/LC1_2_1.txt,dqn,300,,,,,,
/gpfs/home/acad/ulb-qsec/yanneke/LearningForOptimizing/examples/pdptw/pdptw_200/LC1_2_2.txt,dqn,300,,,,,,
/gpfs/home/acad/ulb-qsec/yanneke/LearningForOptimizing/examples/pdptw/pdptw_600/LC1_6_4.txt,dqn,300,,,,,,
/gpfs/home/acad/ulb-qsec/yanneke/LearningForOptimizing/examples/pdptw/pdptw_200/LC1_2_4.txt,dqn,300,,,,,,
/gpfs/home/acad/ulb-qsec/yanneke/LearningForOptimizing/examples/pdptw/pdptw_200/LC1_2_5.txt,dqn,300,,,,,,
/gpfs/home/acad/ulb-qsec/yanneke/LearningForOptimizing/examples/pdptw/pdptw_200/LC1_2_3.txt,dqn,300,,,,,,
/gpfs/home/acad/ulb-qsec/yanneke/LearningForOptimizing/examples/pdptw/pdptw_400/LC1_4_1.txt,dqn,300,,,,,,
/gpfs/home/acad/ulb-qsec/yanneke/LearningForOptimizing/examples/pdptw/pdptw_400/LC1_4_2.txt,dqn,300,,,,,,
/gpfs/home/acad/ulb-qsec/yanneke/LearningForOptimizing/examples/pdptw/pdptw_600/LC1_6_2.txt,dqn,300,,,,,,
/gpfs/home/acad/ulb-qsec/yanneke/LearningForOptimizing/examples/pdptw/pdptw_400/LC1_4_3.txt,dqn,300,,,,,,
/gpfs/home/acad/ulb-qsec/yanneke/LearningForOptimizing/examples/pdptw/pdptw_400/LC1_4_4.txt,dqn,300,,,,,,
/gpfs/home/acad/ulb-qsec/yanneke/LearningForOptimizing/examples/pdptw/pdptw_400/LC1_4_5.txt,dqn,300,,,,,,
/gpfs/home/acad/ulb-qsec/yanneke/LearningForOptimizing/examples/pdptw/pdptw_600/LC1_6_1.txt,dqn,300,,,,,,
/gpfs/home/acad/ulb-qsec/yanneke/LearningForOptimizing/examples/pdptw/pdptw_600/LC1_6_3.txt,dqn,300,,,,,,
/gpfs/home/acad/ulb-qsec/yanneke/LearningForOptimizing/examples/pdptw/pdptw_100/lc101.txt,dqn,300,,,,,,
/gpfs/home/acad/ulb-qsec/yanneke/LearningForOptimizing/examples/pdptw/pdptw_100/lc102.txt,dqn,300,,,,,,
/gpfs/home/acad/ulb-qsec/yanneke/LearningForOptimizing/examples/pdptw/pdptw_600/LC1_6_4.txt,dqn,300,,,,,,
/gpfs/home/acad/ulb-qsec/yanneke/LearningForOptimizing/examples/pdptw/pdptw_600/LC1_6_5.txt,dqn,300,,,,,,
/gpfs/home/acad/ulb-qsec/yanneke/LearningForOptimizing/examples/pdptw/pdptw_100/lc103.txt,dqn,300,0,10,,10851328,42517.462828184136,[(t:3.726-v:2065.483)-(t:3.739-v:2063.545)-(t:3.795-v:2062.018)-(t:3.807-v:1983.634)-(t:3.819-v:1982.107)-(t:3.831-v:1972.415)-(t:3.844-v:1873.876)-(t:3.860-v:1798.627)-(t:3.876-v:1785.810)-(t:4.952-v:1778.176)-(t:4.971-v:1769.691)-(t:4.989-v:1757.785)-(t:5.006-v:1750.959)-(t:5.024-v:1748.932)-(t:5.061-v:1744.114)-(t:5.078-v:1703.969)-(t:5.088-v:1703.708)-(t:5.103-v:1700.966)-(t:5.118-v:1700.678)-(t:5.133-v:1700.489)-(t:5.163-v:1669.057)-(t:5.167-v:1602.359)-(t:5.169-v:1595.161)-(t:5.177-v:1592.178)-(t:5.185-v:1591.770)-(t:5.193-v:1588.838)-(t:5.200-v:1557.166)-(t:5.209-v:1458.355)-(t:5.219-v:1418.873)-(t:5.229-v:1365.259)-(t:5.240-v:1316.129)-(t:5.254-v:1313.604)-(t:5.269-v:1311.841)-(t:5.302-v:1310.531)-(t:5.318-v:1300.812)-(t:12.043-v:1013.470)-(t:12.224-v:933.898)-(t:16.571-v:936.255)-(t:187.698-v:851.328)]
/gpfs/home/acad/ulb-qsec/yanneke/LearningForOptimizing/examples/pdptw/pdptw_100/lc104.txt,dqn,300,0,10,,10850502,35139.71612541805,[(t:3.499-v:1854.939)-(t:3.519-v:1854.576)-(t:3.534-v:1854.333)-(t:3.549-v:1853.610)-(t:3.564-v:1818.198)-(t:3.578-v:1813.644)-(t:3.593-v:1813.391)-(t:3.603-v:1811.186)-(t:3.614-v:1781.384)-(t:3.625-v:1779.066)-(t:3.635-v:1757.312)-(t:3.645-v:1753.449)-(t:3.663-v:1751.390)-(t:3.674-v:1747.752)-(t:3.685-v:1711.085)-(t:3.695-v:1710.260)-(t:3.706-v:1709.771)-(t:3.717-v:1704.790)-(t:3.734-v:1703.396)-(t:3.746-v:1697.272)-(t:3.762-v:1693.169)-(t:3.774-v:1687.575)-(t:3.797-v:1671.096)-(t:3.807-v:1667.843)-(t:3.817-v:1665.591)-(t:3.828-v:1665.457)-(t:3.842-v:1665.001)-(t:3.855-v:1663.495)-(t:3.865-v:1623.327)-(t:3.875-v:1620.897)-(t:3.884-v:1620.138)-(t:3.895-v:1619.267)-(t:3.907-v:1617.569)-(t:3.932-v:1614.497)-(t:3.942-v:1613.438)-(t:5.161-v:1611.321)-(t:5.272-v:1610.150)-(t:5.351-v:1610.042)-(t:5.494-v:1608.963)-(t:5.565-v:1608.526)-(t:5.636-v:1608.303)-(t:5.706-v:1603.884)-(t:5.783-v:1600.330)-(t:5.973-v:1600.103)-(t:6.094-v:1599.696)-(t:6.183-v:1547.405)-(t:6.358-v:1546.760)-(t:6.537-v:1546.657)-(t:6.708-v:1544.727)-(t:6.827-v:1480.366)-(t:6.860-v:1474.014)-(t:7.009-v:1470.409)-(t:7.177-v:1470.057)-(t:7.347-v:1466.806)-(t:7.484-v:1453.802)-(t:7.619-v:1449.802)-(t:7.765-v:1443.376)-(t:7.866-v:1432.514)-(t:8.050-v:1409.631)-(t:8.199-v:1398.950)-(t:8.380-v:1370.895)-(t:8.544-v:1370.081)-(t:8.681-v:1369.523)-(t:8.852-v:1332.744)-(t:9.013-v:1332.306)-(t:9.147-v:1275.164)-(t:9.318-v:1266.109)-(t:9.467-v:1264.759)-(t:9.646-v:1260.718)-(t:9.838-v:1257.891)-(t:9.982-v:1217.390)-(t:10.139-v:1214.887)-(t:10.307-v:1213.237)-(t:10.491-v:1212.465)-(t:10.671-v:1208.637)-(t:10.769-v:1202.441)-(t:10.834-v:1172.115)-(t:11.031-v:1162.610)-(t:11.217-v:1161.835)-(t:11.349-v:1161.665)-(t:11.416-v:1160.890)-(t:11.496-v:1154.797)-(t:11.677-v:1148.884)-(t:11.794-v:1123.114)-(t:11.944-v:1122.414)-(t:12.128-v:1122.305)-(t:12.304-v:1116.039)-(t:12.491-v:1111.484)-(t:12.652-v:1110.725)-(t:12.825-v:1084.220)-(t:13.001-v:1077.211)-(t:13.221-v:1018.440)-(t:13.394-v:1018.030)-(t:21.918-v:972.454)-(t:38.234-v:959.026)-(t:57.059-v:1373.849)-(t:58.106-v:1372.037)-(t:58.124-v:1366.072)-(t:58.149-v:1364.260)-(t:58.210-v:1363.712)-(t:58.267-v:1362.866)-(t:58.288-v:1360.480)-(t:58.413-v:1358.962)-(t:58.539-v:1357.961)-(t:58.665-v:1357.879)-(t:58.792-v:1318.559)-(t:58.916-v:1317.764)-(t:59.046-v:1311.547)-(t:59.170-v:1309.920)-(t:59.303-v:1308.402)-(t:59.482-v:1306.251)-(t:59.612-v:1293.934)-(t:59.742-v:1292.614)-(t:59.875-v:1289.623)-(t:60.000-v:1287.776)-(t:60.127-v:1286.362)-(t:60.259-v:1286.157)-(t:60.392-v:1270.101)-(t:60.529-v:1269.932)-(t:60.659-v:1267.320)-(t:60.782-v:1265.998)-(t:60.891-v:1265.737)-(t:61.007-v:1240.745)-(t:61.123-v:1240.739)-(t:61.240-v:1237.271)-(t:61.350-v:1236.243)-(t:61.477-v:1234.709)-(t:61.603-v:1233.567)-(t:61.730-v:1200.243)-(t:61.856-v:1156.785)-(t:61.982-v:1155.461)-(t:62.106-v:1144.202)-(t:62.335-v:1143.499)-(t:62.449-v:1141.773)-(t:62.578-v:1141.705)-(t:62.711-v:1141.685)-(t:62.844-v:1141.330)-(t:62.905-v:1140.427)-(t:63.028-v:1140.359)-(t:63.152-v:1056.887)-(t:63.272-v:1056.388)-(t:63.401-v:1056.120)-(t:63.493-v:1053.013)-(t:63.599-v:1049.349)-(t:63.736-v:1041.644)-(t:73.547-v:1019.511)-(t:73.620-v:964.477)-(t:77.361-v:958.479)-(t:258.929-v:872.280)-(t:259.049-v:866.013)-(t:259.178-v:861.110)-(t:259.321-v:860.700)-(t:297.019-v:850.502)]
/gpfs/home/acad/ulb-qsec/yanneke/LearningForOptimizing/examples/pdptw/pdptw_100/lc105.txt,dqn,300,0,10,,10828960,13521.352631605523,[(t:1.983-v:1864.151)-(t:3.353-v:1778.870)-(t:3.362-v:1756.125)-(t:3.389-v:1755.702)-(t:3.410-v:1711.377)-(t:3.439-v:1665.081)-(t:3.456-v:1578.766)-(t:3.476-v:1576.429)-(t:3.493-v:1571.191)-(t:3.518-v:1532.937)-(t:3.537-v:1465.440)-(t:3.555-v:1423.506)-(t:3.582-v:1355.461)-(t:3.602-v:1308.823)-(t:3.629-v:1306.006)-(t:3.650-v:1253.987)-(t:3.674-v:1243.084)-(t:3.699-v:1240.208)-(t:5.887-v:1235.135)-(t:11.466-v:1184.739)-(t:11.635-v:1086.243)-(t:11.763-v:1086.172)-(t:11.793-v:1085.753)-(t:11.937-v:1071.224)-(t:12.073-v:1010.058)-(t:12.199-v:997.139)-(t:12.405-v:997.029)-(t:12.492-v:992.833)-(t:12.590-v:975.500)-(t:12.666-v:972.895)-(t:12.833-v:945.864)-(t:13.004-v:944.491)-(t:13.124-v:942.336)-(t:13.241-v:940.942)-(t:13.400-v:934.770)-(t:13.521-v:910.527)-(t:13.691-v:904.535)-(t:25.475-v:903.017)-(t:73.704-v:890.772)-(t:85.977-v:859.085)-(t:139.909-v:828.960)]
