instance,bandit,timeout,objective,solOverTime,integralPrimalGap
examples/csp/csp_100/carseq_100_8_20_62.txt,dqn-pretrained,300,,,
examples/csp/csp_100/carseq_100_8_20_71.txt,dqn-pretrained,300,,,
examples/csp/csp_100/carseq_100_8_20_67.txt,dqn-pretrained,300,0,[(t:9.000-v:105.000)-(t:9.013-v:104.000)-(t:9.026-v:101.000)-(t:9.050-v:99.000)-(t:9.064-v:98.000)-(t:9.072-v:95.000)-(t:9.080-v:92.000)-(t:9.089-v:90.000)-(t:9.098-v:87.000)-(t:9.109-v:83.000)-(t:9.119-v:82.000)-(t:9.128-v:81.000)-(t:9.136-v:80.000)-(t:9.146-v:79.000)-(t:9.156-v:78.000)-(t:9.166-v:77.000)-(t:9.177-v:75.000)-(t:9.187-v:74.000)-(t:9.197-v:73.000)-(t:9.216-v:72.000)-(t:9.226-v:71.000)-(t:9.236-v:70.000)-(t:9.246-v:67.000)-(t:9.256-v:66.000)-(t:9.271-v:65.000)-(t:9.279-v:64.000)-(t:9.288-v:63.000)-(t:9.295-v:62.000)-(t:9.305-v:61.000)-(t:9.312-v:59.000)-(t:9.322-v:58.000)-(t:9.329-v:57.000)-(t:9.336-v:56.000)-(t:9.343-v:55.000)-(t:9.350-v:54.000)-(t:9.357-v:52.000)-(t:9.365-v:51.000)-(t:9.373-v:50.000)-(t:9.382-v:49.000)-(t:9.389-v:46.000)-(t:9.397-v:45.000)-(t:9.404-v:44.000)-(t:9.413-v:43.000)-(t:9.420-v:41.000)-(t:9.427-v:39.000)-(t:9.455-v:38.000)-(t:9.463-v:37.000)-(t:9.471-v:36.000)-(t:9.478-v:35.000)-(t:9.486-v:34.000)-(t:9.506-v:32.000)-(t:9.514-v:30.000)-(t:9.522-v:29.000)-(t:9.529-v:28.000)-(t:9.538-v:27.000)-(t:9.545-v:26.000)-(t:9.552-v:25.000)-(t:9.559-v:24.000)-(t:9.574-v:23.000)-(t:9.581-v:22.000)-(t:9.590-v:21.000)-(t:9.599-v:20.000)-(t:9.607-v:19.000)-(t:9.627-v:18.000)-(t:9.637-v:17.000)-(t:9.679-v:16.000)-(t:9.689-v:15.000)-(t:9.697-v:14.000)-(t:9.715-v:13.000)-(t:9.724-v:12.000)-(t:9.732-v:11.000)-(t:9.773-v:10.000)-(t:9.800-v:9.000)-(t:9.816-v:8.000)-(t:9.836-v:7.000)-(t:9.851-v:6.000)-(t:9.916-v:5.000)-(t:10.192-v:4.000)-(t:10.224-v:3.000)-(t:10.895-v:2.000)-(t:10.920-v:1.000)-(t:15.195-v:0.000)],15.195
examples/csp/csp_100/carseq_100_8_20_77.txt,dqn-pretrained,300,,,
examples/csp/csp_100/carseq_100_8_20_73.txt,dqn-pretrained,300,0,[(t:9.652-v:105.000)-(t:9.668-v:102.000)-(t:9.688-v:101.000)-(t:9.701-v:100.000)-(t:9.707-v:99.000)-(t:9.722-v:98.000)-(t:9.729-v:96.000)-(t:9.737-v:94.000)-(t:9.745-v:93.000)-(t:9.752-v:92.000)-(t:9.762-v:90.000)-(t:9.770-v:89.000)-(t:9.780-v:88.000)-(t:9.787-v:87.000)-(t:9.796-v:85.000)-(t:9.805-v:84.000)-(t:9.811-v:83.000)-(t:9.819-v:81.000)-(t:9.828-v:80.000)-(t:9.835-v:78.000)-(t:9.843-v:76.000)-(t:9.850-v:74.000)-(t:9.858-v:73.000)-(t:9.865-v:72.000)-(t:9.879-v:70.000)-(t:9.889-v:69.000)-(t:9.899-v:67.000)-(t:9.907-v:66.000)-(t:9.914-v:65.000)-(t:9.936-v:64.000)-(t:9.946-v:62.000)-(t:9.954-v:60.000)-(t:9.960-v:59.000)-(t:9.967-v:58.000)-(t:9.973-v:57.000)-(t:9.979-v:56.000)-(t:9.986-v:55.000)-(t:9.994-v:54.000)-(t:10.001-v:53.000)-(t:10.013-v:51.000)-(t:10.020-v:50.000)-(t:10.026-v:49.000)-(t:10.034-v:48.000)-(t:10.039-v:47.000)-(t:10.046-v:46.000)-(t:10.053-v:45.000)-(t:10.060-v:43.000)-(t:10.066-v:42.000)-(t:10.072-v:41.000)-(t:10.078-v:40.000)-(t:10.086-v:39.000)-(t:10.094-v:38.000)-(t:10.101-v:37.000)-(t:10.107-v:36.000)-(t:10.111-v:35.000)-(t:10.116-v:34.000)-(t:10.122-v:33.000)-(t:10.134-v:32.000)-(t:10.141-v:31.000)-(t:10.151-v:30.000)-(t:10.157-v:29.000)-(t:10.164-v:28.000)-(t:10.171-v:27.000)-(t:10.181-v:26.000)-(t:10.188-v:25.000)-(t:10.194-v:24.000)-(t:10.222-v:23.000)-(t:10.229-v:22.000)-(t:10.235-v:20.000)-(t:10.242-v:19.000)-(t:10.251-v:18.000)-(t:10.260-v:17.000)-(t:10.266-v:16.000)-(t:10.275-v:15.000)-(t:10.296-v:14.000)-(t:10.329-v:13.000)-(t:10.362-v:12.000)-(t:10.461-v:11.000)-(t:10.493-v:10.000)-(t:10.506-v:9.000)-(t:10.524-v:8.000)-(t:10.532-v:7.000)-(t:10.548-v:6.000)-(t:10.566-v:5.000)-(t:10.575-v:4.000)-(t:10.595-v:3.000)-(t:10.620-v:2.000)-(t:10.647-v:1.000)-(t:11.786-v:0.000)],11.786
examples/csp/csp_100/carseq_100_8_20_64.txt,dqn-pretrained,300,0,[(t:9.426-v:118.000)-(t:9.441-v:116.000)-(t:9.455-v:115.000)-(t:9.459-v:113.000)-(t:9.463-v:112.000)-(t:9.471-v:105.000)-(t:9.476-v:104.000)-(t:9.481-v:103.000)-(t:9.486-v:102.000)-(t:9.492-v:100.000)-(t:9.497-v:98.000)-(t:9.501-v:96.000)-(t:9.507-v:94.000)-(t:9.512-v:93.000)-(t:9.517-v:92.000)-(t:9.523-v:87.000)-(t:9.530-v:85.000)-(t:9.541-v:82.000)-(t:9.548-v:81.000)-(t:9.553-v:79.000)-(t:9.561-v:78.000)-(t:9.567-v:77.000)-(t:9.572-v:76.000)-(t:9.583-v:75.000)-(t:9.591-v:74.000)-(t:9.600-v:73.000)-(t:9.610-v:72.000)-(t:9.622-v:71.000)-(t:9.632-v:70.000)-(t:9.641-v:69.000)-(t:9.649-v:68.000)-(t:9.657-v:66.000)-(t:9.668-v:64.000)-(t:9.676-v:62.000)-(t:9.684-v:60.000)-(t:9.691-v:59.000)-(t:9.701-v:58.000)-(t:9.710-v:57.000)-(t:9.719-v:54.000)-(t:9.726-v:53.000)-(t:9.738-v:51.000)-(t:9.745-v:50.000)-(t:9.752-v:49.000)-(t:9.759-v:47.000)-(t:9.766-v:46.000)-(t:9.772-v:45.000)-(t:9.790-v:44.000)-(t:9.797-v:43.000)-(t:9.804-v:41.000)-(t:9.811-v:40.000)-(t:9.819-v:39.000)-(t:9.826-v:38.000)-(t:9.843-v:37.000)-(t:9.851-v:36.000)-(t:9.858-v:35.000)-(t:9.880-v:34.000)-(t:9.890-v:33.000)-(t:9.897-v:32.000)-(t:9.907-v:31.000)-(t:9.914-v:30.000)-(t:9.925-v:29.000)-(t:9.932-v:28.000)-(t:9.939-v:27.000)-(t:9.967-v:26.000)-(t:9.978-v:25.000)-(t:9.987-v:24.000)-(t:10.023-v:22.000)-(t:10.032-v:21.000)-(t:10.042-v:20.000)-(t:10.078-v:19.000)-(t:10.102-v:18.000)-(t:10.121-v:17.000)-(t:10.136-v:16.000)-(t:10.146-v:15.000)-(t:10.162-v:14.000)-(t:10.171-v:13.000)-(t:10.242-v:12.000)-(t:10.254-v:11.000)-(t:10.260-v:10.000)-(t:10.300-v:9.000)-(t:10.505-v:8.000)-(t:10.519-v:7.000)-(t:11.710-v:6.000)-(t:11.929-v:5.000)-(t:12.168-v:4.000)-(t:12.179-v:3.000)-(t:17.009-v:2.000)-(t:19.388-v:1.000)-(t:35.129-v:0.000)],35.129
examples/csp/csp_100/carseq_100_8_20_81.txt,dqn-pretrained,300,,,
examples/csp/csp_100/carseq_100_8_20_82.txt,dqn-pretrained,300,,,
examples/csp/csp_100/carseq_100_8_20_86.txt,dqn-pretrained,300,,,
examples/csp/csp_100/carseq_100_8_20_88.txt,dqn-pretrained,300,,,
examples/csp/csp_100/carseq_100_8_20_94.txt,dqn-pretrained,300,,,
examples/csp/csp_100/carseq_100_8_20_90.txt,dqn-pretrained,300,0,[(t:9.887-v:115.000)-(t:9.933-v:114.000)-(t:9.946-v:112.000)-(t:9.954-v:107.000)-(t:9.964-v:104.000)-(t:9.972-v:100.000)-(t:9.980-v:97.000)-(t:9.998-v:94.000)-(t:10.009-v:93.000)-(t:10.020-v:92.000)-(t:10.030-v:91.000)-(t:10.042-v:88.000)-(t:10.050-v:86.000)-(t:10.061-v:83.000)-(t:10.072-v:81.000)-(t:10.084-v:80.000)-(t:10.097-v:79.000)-(t:10.111-v:78.000)-(t:10.123-v:77.000)-(t:10.132-v:76.000)-(t:10.142-v:75.000)-(t:10.154-v:74.000)-(t:10.163-v:73.000)-(t:10.181-v:72.000)-(t:10.188-v:71.000)-(t:10.195-v:70.000)-(t:10.201-v:69.000)-(t:10.217-v:68.000)-(t:10.224-v:66.000)-(t:10.231-v:65.000)-(t:10.238-v:64.000)-(t:10.247-v:63.000)-(t:10.254-v:62.000)-(t:10.262-v:61.000)-(t:10.272-v:60.000)-(t:10.279-v:59.000)-(t:10.286-v:57.000)-(t:10.290-v:56.000)-(t:10.298-v:53.000)-(t:10.304-v:52.000)-(t:10.310-v:51.000)-(t:10.316-v:49.000)-(t:10.324-v:47.000)-(t:10.329-v:46.000)-(t:10.335-v:45.000)-(t:10.340-v:44.000)-(t:10.346-v:43.000)-(t:10.356-v:42.000)-(t:10.361-v:41.000)-(t:10.370-v:39.000)-(t:10.385-v:38.000)-(t:10.391-v:37.000)-(t:10.399-v:35.000)-(t:10.407-v:34.000)-(t:10.414-v:32.000)-(t:10.421-v:31.000)-(t:10.430-v:30.000)-(t:10.437-v:29.000)-(t:10.446-v:28.000)-(t:10.475-v:27.000)-(t:10.484-v:26.000)-(t:10.492-v:25.000)-(t:10.501-v:24.000)-(t:10.522-v:23.000)-(t:10.535-v:22.000)-(t:10.541-v:21.000)-(t:10.575-v:20.000)-(t:10.581-v:19.000)-(t:10.590-v:18.000)-(t:10.606-v:17.000)-(t:10.615-v:16.000)-(t:10.653-v:15.000)-(t:10.687-v:14.000)-(t:10.701-v:13.000)-(t:10.714-v:12.000)-(t:10.742-v:11.000)-(t:10.752-v:10.000)-(t:10.771-v:9.000)-(t:10.868-v:8.000)-(t:10.873-v:7.000)-(t:11.284-v:6.000)-(t:11.328-v:5.000)-(t:11.524-v:4.000)-(t:11.548-v:3.000)-(t:11.575-v:2.000)-(t:11.596-v:1.000)-(t:12.006-v:0.000)],12.006
examples/csp/csp_100/carseq_100_8_20_98.txt,dqn-pretrained,300,,,
examples/csp/csp_100/carseq_100_8_20_99.txt,dqn-pretrainedexamples/csp/csp_100/carseq_100_8_20_62.txt,300,0,[(t:0.052-v:134.000)-(t:0.058-v:127.000)-(t:0.059-v:119.000)-(t:0.060-v:118.000)-(t:0.067-v:116.000)-(t:0.074-v:115.000)-(t:0.076-v:114.000)-(t:0.077-v:113.000)-(t:0.078-v:112.000)-(t:0.079-v:110.000)-(t:0.083-v:108.000)-(t:0.083-v:106.000)-(t:0.085-v:105.000)-(t:0.086-v:104.000)-(t:0.087-v:102.000)-(t:0.089-v:98.000)-(t:0.091-v:96.000)-(t:0.092-v:95.000)-(t:0.092-v:94.000)-(t:0.094-v:93.000)-(t:0.095-v:92.000)-(t:0.096-v:91.000)-(t:0.096-v:89.000)-(t:0.097-v:87.000)-(t:0.099-v:86.000)-(t:0.100-v:84.000)-(t:0.102-v:82.000)-(t:0.103-v:81.000)-(t:0.104-v:80.000)-(t:0.104-v:79.000)-(t:0.106-v:78.000)-(t:0.107-v:77.000)-(t:0.109-v:75.000)-(t:0.113-v:74.000)-(t:0.117-v:72.000)-(t:0.121-v:71.000)-(t:0.124-v:70.000)-(t:0.128-v:69.000)-(t:0.129-v:68.000)-(t:0.129-v:67.000)-(t:0.132-v:66.000)-(t:0.132-v:65.000)-(t:0.133-v:64.000)-(t:0.133-v:63.000)-(t:0.134-v:62.000)-(t:0.134-v:61.000)-(t:0.135-v:60.000)-(t:0.136-v:59.000)-(t:0.137-v:58.000)-(t:0.139-v:57.000)-(t:0.139-v:55.000)-(t:0.143-v:54.000)-(t:0.146-v:53.000)-(t:0.149-v:51.000)-(t:0.152-v:48.000)-(t:0.158-v:47.000)-(t:0.158-v:46.000)-(t:0.160-v:45.000)-(t:0.161-v:44.000)-(t:0.167-v:43.000)-(t:0.168-v:42.000)-(t:0.172-v:41.000)-(t:0.172-v:40.000)-(t:0.175-v:39.000)-(t:0.176-v:38.000)-(t:0.176-v:37.000)-(t:0.177-v:36.000)-(t:0.178-v:35.000)-(t:0.183-v:33.000)-(t:0.184-v:32.000)-(t:0.184-v:31.000)-(t:0.185-v:30.000)-(t:0.186-v:29.000)-(t:0.187-v:28.000)-(t:0.188-v:26.000)-(t:0.205-v:25.000)-(t:0.208-v:24.000)-(t:0.221-v:23.000)-(t:0.227-v:22.000)-(t:0.231-v:21.000)-(t:0.232-v:20.000)-(t:0.285-v:19.000)-(t:0.315-v:18.000)-(t:0.319-v:17.000)-(t:0.323-v:16.000)-(t:0.344-v:15.000)-(t:0.351-v:14.000)-(t:0.353-v:13.000)-(t:0.366-v:12.000)-(t:0.370-v:11.000)-(t:0.391-v:10.000)-(t:0.392-v:9.000)-(t:0.558-v:8.000)-(t:0.680-v:7.000)-(t:0.686-v:6.000)-(t:0.791-v:5.000)-(t:1.120-v:4.000)-(t:1.961-v:3.000)-(t:1.971-v:2.000)-(t:2.415-v:1.000)-(t:10.140-v:0.000)],10.140
examples/csp/csp_100/carseq_100_8_20_67.txt,dqn,300,0,[(t:7.219-v:105.000)-(t:7.231-v:102.000)-(t:7.237-v:101.000)-(t:7.256-v:100.000)-(t:7.263-v:99.000)-(t:7.275-v:97.000)-(t:7.281-v:95.000)-(t:7.288-v:94.000)-(t:7.296-v:93.000)-(t:7.303-v:90.000)-(t:7.310-v:89.000)-(t:7.316-v:88.000)-(t:7.324-v:87.000)-(t:7.328-v:86.000)-(t:7.335-v:85.000)-(t:7.342-v:84.000)-(t:7.359-v:82.000)-(t:7.367-v:81.000)-(t:7.373-v:80.000)-(t:7.379-v:78.000)-(t:7.386-v:76.000)-(t:7.396-v:75.000)-(t:7.402-v:73.000)-(t:7.409-v:71.000)-(t:7.416-v:70.000)-(t:7.422-v:69.000)-(t:7.430-v:67.000)-(t:7.437-v:66.000)-(t:7.445-v:64.000)-(t:7.454-v:62.000)-(t:7.461-v:61.000)-(t:7.470-v:60.000)-(t:7.478-v:59.000)-(t:7.485-v:58.000)-(t:7.492-v:57.000)-(t:7.499-v:56.000)-(t:7.507-v:55.000)-(t:7.516-v:53.000)-(t:7.524-v:52.000)-(t:7.551-v:51.000)-(t:7.559-v:49.000)-(t:7.566-v:48.000)-(t:7.573-v:47.000)-(t:7.580-v:46.000)-(t:7.588-v:45.000)-(t:7.595-v:44.000)-(t:7.603-v:42.000)-(t:7.612-v:41.000)-(t:7.620-v:40.000)-(t:7.631-v:38.000)-(t:7.644-v:37.000)-(t:7.649-v:36.000)-(t:7.658-v:35.000)-(t:7.665-v:33.000)-(t:7.673-v:32.000)-(t:7.680-v:29.000)-(t:7.685-v:28.000)-(t:7.690-v:27.000)-(t:7.695-v:26.000)-(t:7.701-v:25.000)-(t:7.726-v:24.000)-(t:7.738-v:23.000)-(t:7.745-v:22.000)-(t:7.751-v:21.000)-(t:7.775-v:20.000)-(t:7.782-v:19.000)-(t:7.789-v:18.000)-(t:7.798-v:17.000)-(t:7.805-v:16.000)-(t:7.813-v:15.000)-(t:7.824-v:14.000)-(t:7.830-v:13.000)-(t:7.837-v:12.000)-(t:7.859-v:11.000)-(t:7.871-v:10.000)-(t:7.882-v:8.000)-(t:7.921-v:7.000)-(t:7.973-v:6.000)-(t:7.985-v:5.000)-(t:8.036-v:4.000)-(t:8.994-v:3.000)-(t:12.663-v:2.000)-(t:13.202-v:1.000)-(t:13.576-v:0.000)],13.576
examples/csp/csp_100/carseq_100_8_20_64.txt,dqn,300,0,[(t:7.009-v:119.000)-(t:7.017-v:117.000)-(t:7.063-v:116.000)-(t:7.079-v:113.000)-(t:7.085-v:111.000)-(t:7.103-v:109.000)-(t:7.111-v:108.000)-(t:7.118-v:102.000)-(t:7.126-v:101.000)-(t:7.134-v:100.000)-(t:7.150-v:98.000)-(t:7.157-v:97.000)-(t:7.166-v:96.000)-(t:7.174-v:95.000)-(t:7.184-v:94.000)-(t:7.192-v:93.000)-(t:7.198-v:92.000)-(t:7.207-v:90.000)-(t:7.215-v:89.000)-(t:7.223-v:88.000)-(t:7.235-v:85.000)-(t:7.247-v:82.000)-(t:7.264-v:81.000)-(t:7.273-v:80.000)-(t:7.280-v:79.000)-(t:7.289-v:78.000)-(t:7.296-v:77.000)-(t:7.304-v:76.000)-(t:7.313-v:75.000)-(t:7.321-v:72.000)-(t:7.331-v:71.000)-(t:7.338-v:70.000)-(t:7.347-v:69.000)-(t:7.355-v:68.000)-(t:7.364-v:66.000)-(t:7.371-v:65.000)-(t:7.378-v:64.000)-(t:7.386-v:63.000)-(t:7.393-v:62.000)-(t:7.400-v:61.000)-(t:7.408-v:59.000)-(t:7.421-v:58.000)-(t:7.428-v:55.000)-(t:7.435-v:54.000)-(t:7.444-v:53.000)-(t:7.452-v:51.000)-(t:7.459-v:49.000)-(t:7.466-v:48.000)-(t:7.474-v:47.000)-(t:7.481-v:46.000)-(t:7.489-v:45.000)-(t:7.496-v:44.000)-(t:7.503-v:43.000)-(t:7.513-v:42.000)-(t:7.520-v:41.000)-(t:7.531-v:38.000)-(t:7.543-v:36.000)-(t:7.550-v:35.000)-(t:7.576-v:34.000)-(t:7.587-v:33.000)-(t:7.595-v:32.000)-(t:7.603-v:31.000)-(t:7.612-v:30.000)-(t:7.621-v:29.000)-(t:7.628-v:28.000)-(t:7.635-v:27.000)-(t:7.661-v:26.000)-(t:7.684-v:25.000)-(t:7.692-v:24.000)-(t:7.702-v:23.000)-(t:7.753-v:22.000)-(t:7.760-v:21.000)-(t:7.768-v:20.000)-(t:7.790-v:19.000)-(t:7.824-v:18.000)-(t:7.831-v:17.000)-(t:7.875-v:16.000)-(t:7.887-v:15.000)-(t:7.899-v:13.000)-(t:7.913-v:12.000)-(t:7.934-v:11.000)-(t:7.950-v:10.000)-(t:7.968-v:9.000)-(t:8.009-v:8.000)-(t:8.016-v:7.000)-(t:8.063-v:6.000)-(t:8.089-v:5.000)-(t:13.603-v:4.000)-(t:13.639-v:3.000)-(t:23.356-v:2.000)-(t:23.695-v:1.000)-(t:26.567-v:0.000)],26.567
examples/csp/csp_100/carseq_100_8_20_73.txt,dqn,300,0,[(t:8.024-v:111.000)-(t:8.039-v:110.000)-(t:8.051-v:109.000)-(t:8.056-v:107.000)-(t:8.062-v:104.000)-(t:8.070-v:103.000)-(t:8.088-v:100.000)-(t:8.094-v:98.000)-(t:8.101-v:97.000)-(t:8.107-v:96.000)-(t:8.115-v:95.000)-(t:8.123-v:94.000)-(t:8.130-v:92.000)-(t:8.136-v:90.000)-(t:8.143-v:87.000)-(t:8.152-v:86.000)-(t:8.158-v:84.000)-(t:8.166-v:83.000)-(t:8.173-v:82.000)-(t:8.180-v:80.000)-(t:8.187-v:77.000)-(t:8.194-v:76.000)-(t:8.201-v:75.000)-(t:8.208-v:74.000)-(t:8.214-v:72.000)-(t:8.221-v:71.000)-(t:8.229-v:70.000)-(t:8.235-v:69.000)-(t:8.243-v:67.000)-(t:8.250-v:65.000)-(t:8.257-v:64.000)-(t:8.267-v:62.000)-(t:8.276-v:61.000)-(t:8.285-v:60.000)-(t:8.292-v:59.000)-(t:8.299-v:57.000)-(t:8.307-v:56.000)-(t:8.320-v:53.000)-(t:8.330-v:52.000)-(t:8.337-v:51.000)-(t:8.345-v:50.000)-(t:8.355-v:49.000)-(t:8.372-v:48.000)-(t:8.382-v:47.000)-(t:8.390-v:46.000)-(t:8.403-v:44.000)-(t:8.411-v:43.000)-(t:8.423-v:42.000)-(t:8.428-v:41.000)-(t:8.440-v:39.000)-(t:8.463-v:38.000)-(t:8.472-v:36.000)-(t:8.478-v:35.000)-(t:8.482-v:33.000)-(t:8.488-v:32.000)-(t:8.494-v:31.000)-(t:8.498-v:30.000)-(t:8.502-v:29.000)-(t:8.507-v:28.000)-(t:8.513-v:27.000)-(t:8.519-v:26.000)-(t:8.526-v:25.000)-(t:8.534-v:24.000)-(t:8.538-v:22.000)-(t:8.558-v:20.000)-(t:8.575-v:19.000)-(t:8.586-v:18.000)-(t:8.591-v:17.000)-(t:8.599-v:16.000)-(t:8.605-v:15.000)-(t:8.624-v:14.000)-(t:8.678-v:13.000)-(t:8.686-v:12.000)-(t:8.698-v:11.000)-(t:8.712-v:10.000)-(t:8.724-v:9.000)-(t:8.741-v:7.000)-(t:8.758-v:6.000)-(t:8.767-v:5.000)-(t:8.812-v:4.000)-(t:8.819-v:3.000)-(t:8.830-v:2.000)-(t:8.846-v:1.000)-(t:8.863-v:0.000)],8.863
examples/csp/csp_100/carseq_100_8_20_71.txt,dqn,300,0,[(t:7.763-v:135.000)-(t:7.772-v:132.000)-(t:7.795-v:130.000)-(t:7.801-v:125.000)-(t:7.807-v:121.000)-(t:7.822-v:119.000)-(t:7.828-v:118.000)-(t:7.845-v:116.000)-(t:7.852-v:113.000)-(t:7.860-v:112.000)-(t:7.872-v:111.000)-(t:7.882-v:110.000)-(t:7.890-v:109.000)-(t:7.901-v:108.000)-(t:7.909-v:107.000)-(t:7.917-v:106.000)-(t:7.925-v:103.000)-(t:7.934-v:102.000)-(t:7.941-v:101.000)-(t:7.948-v:100.000)-(t:7.960-v:99.000)-(t:7.967-v:98.000)-(t:7.976-v:97.000)-(t:7.984-v:96.000)-(t:7.992-v:94.000)-(t:8.000-v:93.000)-(t:8.008-v:92.000)-(t:8.013-v:91.000)-(t:8.020-v:89.000)-(t:8.025-v:88.000)-(t:8.031-v:86.000)-(t:8.039-v:85.000)-(t:8.046-v:83.000)-(t:8.053-v:80.000)-(t:8.061-v:79.000)-(t:8.068-v:78.000)-(t:8.074-v:77.000)-(t:8.080-v:76.000)-(t:8.086-v:75.000)-(t:8.092-v:73.000)-(t:8.100-v:72.000)-(t:8.108-v:71.000)-(t:8.114-v:68.000)-(t:8.121-v:67.000)-(t:8.128-v:66.000)-(t:8.137-v:65.000)-(t:8.144-v:64.000)-(t:8.149-v:62.000)-(t:8.157-v:61.000)-(t:8.164-v:60.000)-(t:8.174-v:59.000)-(t:8.179-v:57.000)-(t:8.185-v:54.000)-(t:8.190-v:53.000)-(t:8.197-v:52.000)-(t:8.206-v:51.000)-(t:8.213-v:50.000)-(t:8.218-v:49.000)-(t:8.224-v:48.000)-(t:8.229-v:47.000)-(t:8.234-v:46.000)-(t:8.240-v:45.000)-(t:8.245-v:43.000)-(t:8.253-v:42.000)-(t:8.261-v:40.000)-(t:8.268-v:39.000)-(t:8.278-v:38.000)-(t:8.290-v:37.000)-(t:8.296-v:36.000)-(t:8.309-v:35.000)-(t:8.318-v:34.000)-(t:8.326-v:33.000)-(t:8.331-v:32.000)-(t:8.337-v:31.000)-(t:8.342-v:30.000)-(t:8.349-v:29.000)-(t:8.366-v:28.000)-(t:8.383-v:27.000)-(t:8.393-v:26.000)-(t:8.407-v:25.000)-(t:8.427-v:24.000)-(t:8.464-v:23.000)-(t:8.481-v:22.000)-(t:8.495-v:21.000)-(t:8.510-v:20.000)-(t:8.528-v:19.000)-(t:8.537-v:18.000)-(t:8.557-v:17.000)-(t:8.589-v:16.000)-(t:8.596-v:15.000)-(t:8.613-v:14.000)-(t:8.677-v:13.000)-(t:8.687-v:12.000)-(t:8.696-v:11.000)-(t:8.713-v:10.000)-(t:8.721-v:9.000)-(t:8.769-v:8.000)-(t:8.787-v:7.000)-(t:8.814-v:6.000)-(t:8.832-v:5.000)-(t:8.858-v:4.000)-(t:10.894-v:3.000)-(t:14.147-v:2.000)-(t:14.268-v:1.000)-(t:26.384-v:0.000)],26.384
examples/csp/csp_100/carseq_100_8_20_77.txt,dqn,300,0,[(t:7.033-v:100.000)-(t:7.046-v:99.000)-(t:7.058-v:98.000)-(t:7.063-v:96.000)-(t:7.072-v:94.000)-(t:7.078-v:93.000)-(t:7.084-v:89.000)-(t:7.091-v:88.000)-(t:7.113-v:87.000)-(t:7.121-v:86.000)-(t:7.131-v:85.000)-(t:7.139-v:84.000)-(t:7.147-v:83.000)-(t:7.154-v:82.000)-(t:7.161-v:81.000)-(t:7.168-v:75.000)-(t:7.178-v:73.000)-(t:7.185-v:72.000)-(t:7.194-v:71.000)-(t:7.201-v:69.000)-(t:7.208-v:68.000)-(t:7.214-v:66.000)-(t:7.221-v:64.000)-(t:7.228-v:63.000)-(t:7.235-v:62.000)-(t:7.241-v:61.000)-(t:7.253-v:60.000)-(t:7.260-v:59.000)-(t:7.268-v:58.000)-(t:7.274-v:57.000)-(t:7.281-v:56.000)-(t:7.288-v:55.000)-(t:7.296-v:54.000)-(t:7.303-v:53.000)-(t:7.312-v:52.000)-(t:7.318-v:51.000)-(t:7.326-v:50.000)-(t:7.332-v:49.000)-(t:7.339-v:48.000)-(t:7.347-v:47.000)-(t:7.352-v:45.000)-(t:7.359-v:43.000)-(t:7.365-v:42.000)-(t:7.370-v:40.000)-(t:7.378-v:39.000)-(t:7.385-v:38.000)-(t:7.391-v:37.000)-(t:7.398-v:36.000)-(t:7.404-v:34.000)-(t:7.411-v:33.000)-(t:7.416-v:32.000)-(t:7.422-v:31.000)-(t:7.427-v:30.000)-(t:7.441-v:29.000)-(t:7.452-v:28.000)-(t:7.456-v:26.000)-(t:7.461-v:25.000)-(t:7.482-v:24.000)-(t:7.487-v:23.000)-(t:7.494-v:22.000)-(t:7.501-v:21.000)-(t:7.510-v:20.000)-(t:7.530-v:19.000)-(t:7.552-v:18.000)-(t:7.562-v:17.000)-(t:7.571-v:16.000)-(t:7.596-v:15.000)-(t:7.603-v:14.000)-(t:7.610-v:13.000)-(t:7.633-v:12.000)-(t:7.660-v:11.000)-(t:7.691-v:10.000)-(t:7.700-v:9.000)-(t:7.714-v:8.000)-(t:7.789-v:7.000)-(t:7.803-v:6.000)-(t:7.818-v:5.000)-(t:7.825-v:4.000)-(t:8.115-v:3.000)-(t:8.926-v:2.000)-(t:9.347-v:1.000)-(t:20.683-v:0.000)],20.683
